[2026-07-30 20:35:04] Buyuk koÅŸum basliyor: 780 hasta x 2 doz = 1560 trajectory hedefi (40dk pencere, 6 process)
Transient veri uretimi basliyor [paralel (6 process)]: 780 hasta x 2 doz (hedef 1560 trajectory)...
  [1/1560] trajectory_id=4 hasta=2 doz=0.100 -> 17 kare, truncated=False
  [2/1560] trajectory_id=5 hasta=2 doz=1.000 -> 17 kare, truncated=False
  [3/1560] trajectory_id=1 hasta=0 doz=1.000 -> 17 kare, truncated=False
  [4/1560] trajectory_id=0 hasta=0 doz=0.100 -> 17 kare, truncated=False
  [5/1560] trajectory_id=2 hasta=1 doz=0.100 -> 17 kare, truncated=False
  [6/1560] trajectory_id=3 hasta=1 doz=1.000 -> 17 kare, truncated=False
  [7/1560] trajectory_id=7 hasta=3 doz=1.000 -> 17 kare, truncated=False
  [8/1560] trajectory_id=6 hasta=3 doz=0.100 -> 17 kare, truncated=False
  [9/1560] trajectory_id=9 hasta=4 doz=1.000 -> 17 kare, truncated=False
  [10/1560] trajectory_id=8 hasta=4 doz=0.100 -> 17 kare, truncated=False
  [11/1560] trajectory_id=10 hasta=5 doz=0.100 -> 17 kare, truncated=False
  [12/1560] trajectory_id=11 hasta=5 doz=1.000 -> 17 kare, truncated=False
  [13/1560] trajectory_id=14 hasta=7 doz=0.100 -> 17 kare, truncated=False
  [14/1560] trajectory_id=15 hasta=7 doz=1.000 -> 17 kare, truncated=False
  [15/1560] trajectory_id=12 hasta=6 doz=0.100 -> 17 kare, truncated=False
  [16/1560] trajectory_id=13 hasta=6 doz=1.000 -> 17 kare, truncated=False
  [17/1560] trajectory_id=16 hasta=8 doz=0.100 -> 17 kare, truncated=False
  [18/1560] trajectory_id=17 hasta=8 doz=1.000 -> 17 kare, truncated=False
  [19/1560] trajectory_id=18 hasta=9 doz=0.100 -> 17 kare, truncated=False
  [20/1560] trajectory_id=19 hasta=9 doz=1.000 -> 17 kare, truncated=False
  [21/1560] trajectory_id=20 hasta=10 doz=0.100 -> 17 kare, truncated=False
  [22/1560] trajectory_id=21 hasta=10 doz=1.000 -> 17 kare, truncated=False
  [23/1560] trajectory_id=22 hasta=11 doz=0.100 -> 17 kare, truncated=False
  [24/1560] trajectory_id=23 hasta=11 doz=1.000 -> 17 kare, truncated=False
  [25/1560] trajectory_id=27 hasta=13 doz=1.000 -> 17 kare, truncated=False
  [26/1560] trajectory_id=24 hasta=12 doz=0.100 -> 17 kare, truncated=False
  [27/1560] trajectory_id=28 hasta=14 doz=0.100 -> 17 kare, truncated=False
  [28/1560] trajectory_id=26 hasta=13 doz=0.100 -> 17 kare, truncated=False
  [29/1560] trajectory_id=29 hasta=14 doz=1.000 -> 17 kare, truncated=False
  [30/1560] trajectory_id=25 hasta=12 doz=1.000 -> 17 kare, truncated=False
  [31/1560] trajectory_id=30 hasta=15 doz=0.100 -> 17 kare, truncated=False
  [32/1560] trajectory_id=33 hasta=16 doz=1.000 -> 17 kare, truncated=False
  [33/1560] trajectory_id=31 hasta=15 doz=1.000 -> 17 kare, truncated=False
  [34/1560] trajectory_id=32 hasta=16 doz=0.100 -> 17 kare, truncated=False
  [35/1560] trajectory_id=34 hasta=17 doz=0.100 -> 17 kare, truncated=False
  [36/1560] trajectory_id=35 hasta=17 doz=1.000 -> 17 kare, truncated=False
  [37/1560] trajectory_id=37 hasta=18 doz=1.000 -> 17 kare, truncated=False
  [38/1560] trajectory_id=36 hasta=18 doz=0.100 -> 17 kare, truncated=False
  [39/1560] trajectory_id=41 hasta=20 doz=1.000 -> 17 kare, truncated=False
  [40/1560] trajectory_id=38 hasta=19 doz=0.100 -> 17 kare, truncated=False
  [41/1560] trajectory_id=40 hasta=20 doz=0.100 -> 17 kare, truncated=False
  [42/1560] trajectory_id=39 hasta=19 doz=1.000 -> 17 kare, truncated=False
  [43/1560] trajectory_id=42 hasta=21 doz=0.100 -> 17 kare, truncated=False
  [44/1560] trajectory_id=43 hasta=21 doz=1.000 -> 17 kare, truncated=False
  [45/1560] trajectory_id=44 hasta=22 doz=0.100 -> 17 kare, truncated=False
  [46/1560] trajectory_id=45 hasta=22 doz=1.000 -> 17 kare, truncated=False
  [47/1560] trajectory_id=46 hasta=23 doz=0.100 -> 17 kare, truncated=False
  [48/1560] trajectory_id=47 hasta=23 doz=1.000 -> 17 kare, truncated=False
  [49/1560] trajectory_id=48 hasta=24 doz=0.100 -> 17 kare, truncated=False
  [50/1560] trajectory_id=49 hasta=24 doz=1.000 -> 17 kare, truncated=False
[2026-07-30 20:45:18] 50/1560 trajectory tamamlandý (geçen süre 10.2 dk, tahmini kalan süre 308.0 dk)
  [51/1560] trajectory_id=51 hasta=25 doz=1.000 -> 17 kare, truncated=False
  [52/1560] trajectory_id=50 hasta=25 doz=0.100 -> 17 kare, truncated=False
  [53/1560] trajectory_id=52 hasta=26 doz=0.100 -> 17 kare, truncated=False
  [54/1560] trajectory_id=53 hasta=26 doz=1.000 -> 17 kare, truncated=False
  [55/1560] trajectory_id=54 hasta=27 doz=0.100 -> 17 kare, truncated=False
  [56/1560] trajectory_id=55 hasta=27 doz=1.000 -> 17 kare, truncated=False
  [57/1560] trajectory_id=56 hasta=28 doz=0.100 -> 17 kare, truncated=False
  [58/1560] trajectory_id=57 hasta=28 doz=1.000 -> 17 kare, truncated=False
  [59/1560] trajectory_id=59 hasta=29 doz=1.000 -> 17 kare, truncated=False
  [60/1560] trajectory_id=58 hasta=29 doz=0.100 -> 17 kare, truncated=False
  [61/1560] trajectory_id=60 hasta=30 doz=0.100 -> 17 kare, truncated=False
  [62/1560] trajectory_id=61 hasta=30 doz=1.000 -> 17 kare, truncated=False
  [63/1560] trajectory_id=64 hasta=32 doz=0.100 -> 17 kare, truncated=False
  [64/1560] trajectory_id=62 hasta=31 doz=0.100 -> 17 kare, truncated=False
  [65/1560] trajectory_id=63 hasta=31 doz=1.000 -> 17 kare, truncated=False
  [66/1560] trajectory_id=65 hasta=32 doz=1.000 -> 17 kare, truncated=False
  [67/1560] trajectory_id=67 hasta=33 doz=1.000 -> 17 kare, truncated=False
  [68/1560] trajectory_id=66 hasta=33 doz=0.100 -> 17 kare, truncated=False
  [69/1560] trajectory_id=69 hasta=34 doz=1.000 -> 17 kare, truncated=False
  [70/1560] trajectory_id=68 hasta=34 doz=0.100 -> 17 kare, truncated=False
  [71/1560] trajectory_id=70 hasta=35 doz=0.100 -> 17 kare, truncated=False
  [72/1560] trajectory_id=71 hasta=35 doz=1.000 -> 17 kare, truncated=False
  [73/1560] trajectory_id=72 hasta=36 doz=0.100 -> 17 kare, truncated=False
  [74/1560] trajectory_id=73 hasta=36 doz=1.000 -> 17 kare, truncated=False
  [75/1560] trajectory_id=74 hasta=37 doz=0.100 -> 17 kare, truncated=False
  [76/1560] trajectory_id=75 hasta=37 doz=1.000 -> 17 kare, truncated=False
  [77/1560] trajectory_id=77 hasta=38 doz=1.000 -> 17 kare, truncated=False
  [78/1560] trajectory_id=76 hasta=38 doz=0.100 -> 17 kare, truncated=False
  [79/1560] trajectory_id=78 hasta=39 doz=0.100 -> 17 kare, truncated=False
  [80/1560] trajectory_id=79 hasta=39 doz=1.000 -> 17 kare, truncated=False
  [81/1560] trajectory_id=80 hasta=40 doz=0.100 -> 17 kare, truncated=False
  [82/1560] trajectory_id=81 hasta=40 doz=1.000 -> 17 kare, truncated=False
  [83/1560] trajectory_id=83 hasta=41 doz=1.000 -> 17 kare, truncated=False
  [84/1560] trajectory_id=82 hasta=41 doz=0.100 -> 17 kare, truncated=False
  [85/1560] trajectory_id=85 hasta=42 doz=1.000 -> 17 kare, truncated=False
  [86/1560] trajectory_id=84 hasta=42 doz=0.100 -> 17 kare, truncated=False
  [87/1560] trajectory_id=86 hasta=43 doz=0.100 -> 17 kare, truncated=False
  [88/1560] trajectory_id=88 hasta=44 doz=0.100 -> 17 kare, truncated=False
  [89/1560] trajectory_id=89 hasta=44 doz=1.000 -> 17 kare, truncated=False
  [90/1560] trajectory_id=87 hasta=43 doz=1.000 -> 17 kare, truncated=False
  [91/1560] trajectory_id=90 hasta=45 doz=0.100 -> 17 kare, truncated=False
  [92/1560] trajectory_id=92 hasta=46 doz=0.100 -> 17 kare, truncated=False
  [93/1560] trajectory_id=93 hasta=46 doz=1.000 -> 17 kare, truncated=False
  [94/1560] trajectory_id=94 hasta=47 doz=0.100 -> 17 kare, truncated=False
  [95/1560] trajectory_id=91 hasta=45 doz=1.000 -> 17 kare, truncated=False
  [96/1560] trajectory_id=95 hasta=47 doz=1.000 -> 17 kare, truncated=False
  [97/1560] trajectory_id=96 hasta=48 doz=0.100 -> 17 kare, truncated=False
  [98/1560] trajectory_id=97 hasta=48 doz=1.000 -> 17 kare, truncated=False
  [99/1560] trajectory_id=98 hasta=49 doz=0.100 -> 17 kare, truncated=False
  [100/1560] trajectory_id=99 hasta=49 doz=1.000 -> 17 kare, truncated=False
[2026-07-30 20:56:30] 100/1560 trajectory tamamlandý (geçen süre 21.4 dk, tahmini kalan süre 312.5 dk)
  [101/1560] trajectory_id=101 hasta=50 doz=1.000 -> 17 kare, truncated=False
  [102/1560] trajectory_id=100 hasta=50 doz=0.100 -> 17 kare, truncated=False
  [103/1560] trajectory_id=103 hasta=51 doz=1.000 -> 17 kare, truncated=False
  [104/1560] trajectory_id=102 hasta=51 doz=0.100 -> 17 kare, truncated=False
  [105/1560] trajectory_id=106 hasta=53 doz=0.100 -> 17 kare, truncated=False
  [106/1560] trajectory_id=107 hasta=53 doz=1.000 -> 17 kare, truncated=False
  [107/1560] trajectory_id=105 hasta=52 doz=1.000 -> 17 kare, truncated=False
  [108/1560] trajectory_id=104 hasta=52 doz=0.100 -> 17 kare, truncated=False
  [109/1560] trajectory_id=108 hasta=54 doz=0.100 -> 17 kare, truncated=False
  [110/1560] trajectory_id=109 hasta=54 doz=1.000 -> 17 kare, truncated=False
  [111/1560] trajectory_id=110 hasta=55 doz=0.100 -> 17 kare, truncated=False
  [112/1560] trajectory_id=111 hasta=55 doz=1.000 -> 17 kare, truncated=False
  [113/1560] trajectory_id=112 hasta=56 doz=0.100 -> 17 kare, truncated=False
  [114/1560] trajectory_id=113 hasta=56 doz=1.000 -> 17 kare, truncated=False
  [115/1560] trajectory_id=115 hasta=57 doz=1.000 -> 17 kare, truncated=False
  [116/1560] trajectory_id=114 hasta=57 doz=0.100 -> 17 kare, truncated=False
  [117/1560] trajectory_id=116 hasta=58 doz=0.100 -> 17 kare, truncated=False
  [118/1560] trajectory_id=119 hasta=59 doz=1.000 -> 17 kare, truncated=False
  [119/1560] trajectory_id=117 hasta=58 doz=1.000 -> 17 kare, truncated=False
  [120/1560] trajectory_id=118 hasta=59 doz=0.100 -> 17 kare, truncated=False
  [121/1560] trajectory_id=120 hasta=60 doz=0.100 -> 17 kare, truncated=False
  [122/1560] trajectory_id=121 hasta=60 doz=1.000 -> 17 kare, truncated=False
  [123/1560] trajectory_id=122 hasta=61 doz=0.100 -> 17 kare, truncated=False
  [124/1560] trajectory_id=123 hasta=61 doz=1.000 -> 17 kare, truncated=False
  [125/1560] trajectory_id=124 hasta=62 doz=0.100 -> 17 kare, truncated=False
  [126/1560] trajectory_id=125 hasta=62 doz=1.000 -> 17 kare, truncated=False
  [127/1560] trajectory_id=126 hasta=63 doz=0.100 -> 17 kare, truncated=False
  [128/1560] trajectory_id=127 hasta=63 doz=1.000 -> 17 kare, truncated=False
  [129/1560] trajectory_id=128 hasta=64 doz=0.100 -> 17 kare, truncated=False
  [130/1560] trajectory_id=129 hasta=64 doz=1.000 -> 17 kare, truncated=False
  [131/1560] trajectory_id=130 hasta=65 doz=0.100 -> 17 kare, truncated=False
  [132/1560] trajectory_id=131 hasta=65 doz=1.000 -> 17 kare, truncated=False
  [133/1560] trajectory_id=132 hasta=66 doz=0.100 -> 17 kare, truncated=False
  [134/1560] trajectory_id=133 hasta=66 doz=1.000 -> 17 kare, truncated=False
  [135/1560] trajectory_id=134 hasta=67 doz=0.100 -> 17 kare, truncated=False
  [136/1560] trajectory_id=136 hasta=68 doz=0.100 -> 17 kare, truncated=False
  [137/1560] trajectory_id=135 hasta=67 doz=1.000 -> 17 kare, truncated=False
  [138/1560] trajectory_id=137 hasta=68 doz=1.000 -> 17 kare, truncated=False
  [139/1560] trajectory_id=138 hasta=69 doz=0.100 -> 17 kare, truncated=False
  [140/1560] trajectory_id=139 hasta=69 doz=1.000 -> 17 kare, truncated=False
  [141/1560] trajectory_id=140 hasta=70 doz=0.100 -> 17 kare, truncated=False
  [142/1560] trajectory_id=141 hasta=70 doz=1.000 -> 17 kare, truncated=False
  [143/1560] trajectory_id=142 hasta=71 doz=0.100 -> 17 kare, truncated=False
  [144/1560] trajectory_id=143 hasta=71 doz=1.000 -> 17 kare, truncated=False
  [145/1560] trajectory_id=144 hasta=72 doz=0.100 -> 17 kare, truncated=False
  [146/1560] trajectory_id=145 hasta=72 doz=1.000 -> 17 kare, truncated=False
  [147/1560] trajectory_id=146 hasta=73 doz=0.100 -> 17 kare, truncated=False
  [148/1560] trajectory_id=147 hasta=73 doz=1.000 -> 17 kare, truncated=False
  [149/1560] trajectory_id=148 hasta=74 doz=0.100 -> 17 kare, truncated=False
  [150/1560] trajectory_id=149 hasta=74 doz=1.000 -> 17 kare, truncated=False
[2026-07-30 21:09:57] 150/1560 trajectory tamamlandý (geçen süre 34.9 dk, tahmini kalan süre 327.7 dk)
  [151/1560] trajectory_id=150 hasta=75 doz=0.100 -> 17 kare, truncated=False
  [152/1560] trajectory_id=151 hasta=75 doz=1.000 -> 17 kare, truncated=False
  [153/1560] trajectory_id=152 hasta=76 doz=0.100 -> 17 kare, truncated=False
  [154/1560] trajectory_id=153 hasta=76 doz=1.000 -> 17 kare, truncated=False
  [155/1560] trajectory_id=154 hasta=77 doz=0.100 -> 17 kare, truncated=False
  [156/1560] trajectory_id=155 hasta=77 doz=1.000 -> 17 kare, truncated=False
  [157/1560] trajectory_id=156 hasta=78 doz=0.100 -> 17 kare, truncated=False
  [158/1560] trajectory_id=159 hasta=79 doz=1.000 -> 17 kare, truncated=False
  [159/1560] trajectory_id=157 hasta=78 doz=1.000 -> 17 kare, truncated=False
  [160/1560] trajectory_id=160 hasta=80 doz=0.100 -> 17 kare, truncated=False
  [161/1560] trajectory_id=158 hasta=79 doz=0.100 -> 17 kare, truncated=False
  [162/1560] trajectory_id=161 hasta=80 doz=1.000 -> 17 kare, truncated=False
  [163/1560] trajectory_id=162 hasta=81 doz=0.100 -> 17 kare, truncated=False
  [164/1560] trajectory_id=163 hasta=81 doz=1.000 -> 17 kare, truncated=False
  [165/1560] trajectory_id=164 hasta=82 doz=0.100 -> 17 kare, truncated=False
  [166/1560] trajectory_id=165 hasta=82 doz=1.000 -> 17 kare, truncated=False
  [167/1560] trajectory_id=166 hasta=83 doz=0.100 -> 17 kare, truncated=False
  [168/1560] trajectory_id=167 hasta=83 doz=1.000 -> 17 kare, truncated=False
  [169/1560] trajectory_id=168 hasta=84 doz=0.100 -> 17 kare, truncated=False
  [170/1560] trajectory_id=169 hasta=84 doz=1.000 -> 17 kare, truncated=False
  [171/1560] trajectory_id=170 hasta=85 doz=0.100 -> 17 kare, truncated=False
  [172/1560] trajectory_id=171 hasta=85 doz=1.000 -> 17 kare, truncated=False
  [173/1560] trajectory_id=172 hasta=86 doz=0.100 -> 17 kare, truncated=False
  [174/1560] trajectory_id=173 hasta=86 doz=1.000 -> 17 kare, truncated=False
  [175/1560] trajectory_id=174 hasta=87 doz=0.100 -> 17 kare, truncated=False
  [176/1560] trajectory_id=176 hasta=88 doz=0.100 -> 17 kare, truncated=False
  [177/1560] trajectory_id=175 hasta=87 doz=1.000 -> 17 kare, truncated=False
  [178/1560] trajectory_id=177 hasta=88 doz=1.000 -> 17 kare, truncated=False
  [179/1560] trajectory_id=178 hasta=89 doz=0.100 -> 17 kare, truncated=False
  [180/1560] trajectory_id=179 hasta=89 doz=1.000 -> 17 kare, truncated=False
  [181/1560] trajectory_id=180 hasta=90 doz=0.100 -> 17 kare, truncated=False
  [182/1560] trajectory_id=181 hasta=90 doz=1.000 -> 17 kare, truncated=False
  [183/1560] trajectory_id=182 hasta=91 doz=0.100 -> 17 kare, truncated=False
  [184/1560] trajectory_id=183 hasta=91 doz=1.000 -> 17 kare, truncated=False
  [185/1560] trajectory_id=184 hasta=92 doz=0.100 -> 17 kare, truncated=False
  [186/1560] trajectory_id=185 hasta=92 doz=1.000 -> 17 kare, truncated=False
  [187/1560] trajectory_id=186 hasta=93 doz=0.100 -> 17 kare, truncated=False
  [188/1560] trajectory_id=189 hasta=94 doz=1.000 -> 17 kare, truncated=False
  [189/1560] trajectory_id=190 hasta=95 doz=0.100 -> 17 kare, truncated=False
  [190/1560] trajectory_id=187 hasta=93 doz=1.000 -> 17 kare, truncated=False
  [191/1560] trajectory_id=188 hasta=94 doz=0.100 -> 17 kare, truncated=False
  [192/1560] trajectory_id=191 hasta=95 doz=1.000 -> 17 kare, truncated=False
  [193/1560] trajectory_id=192 hasta=96 doz=0.100 -> 17 kare, truncated=False
  [194/1560] trajectory_id=193 hasta=96 doz=1.000 -> 17 kare, truncated=False
  [195/1560] trajectory_id=196 hasta=98 doz=0.100 -> 17 kare, truncated=False
  [196/1560] trajectory_id=195 hasta=97 doz=1.000 -> 17 kare, truncated=False
  [197/1560] trajectory_id=194 hasta=97 doz=0.100 -> 17 kare, truncated=False
  [198/1560] trajectory_id=197 hasta=98 doz=1.000 -> 17 kare, truncated=False
  [199/1560] trajectory_id=198 hasta=99 doz=0.100 -> 17 kare, truncated=False
  [200/1560] trajectory_id=199 hasta=99 doz=1.000 -> 17 kare, truncated=False
[2026-07-30 21:23:29] 200/1560 trajectory tamamlandý (geçen süre 48.4 dk, tahmini kalan süre 329.0 dk)
  [201/1560] trajectory_id=200 hasta=100 doz=0.100 -> 17 kare, truncated=False
  [202/1560] trajectory_id=202 hasta=101 doz=0.100 -> 17 kare, truncated=False
  [203/1560] trajectory_id=201 hasta=100 doz=1.000 -> 17 kare, truncated=False
  [204/1560] trajectory_id=203 hasta=101 doz=1.000 -> 17 kare, truncated=False
  [205/1560] trajectory_id=205 hasta=102 doz=1.000 -> 17 kare, truncated=False
  [206/1560] trajectory_id=204 hasta=102 doz=0.100 -> 17 kare, truncated=False
  [207/1560] trajectory_id=206 hasta=103 doz=0.100 -> 17 kare, truncated=False
  [208/1560] trajectory_id=207 hasta=103 doz=1.000 -> 17 kare, truncated=False
  [209/1560] trajectory_id=208 hasta=104 doz=0.100 -> 17 kare, truncated=False
  [210/1560] trajectory_id=209 hasta=104 doz=1.000 -> 17 kare, truncated=False
  [211/1560] trajectory_id=210 hasta=105 doz=0.100 -> 17 kare, truncated=False
  [212/1560] trajectory_id=211 hasta=105 doz=1.000 -> 17 kare, truncated=False
  [213/1560] trajectory_id=214 hasta=107 doz=0.100 -> 17 kare, truncated=False
  [214/1560] trajectory_id=213 hasta=106 doz=1.000 -> 17 kare, truncated=False
  [215/1560] trajectory_id=212 hasta=106 doz=0.100 -> 17 kare, truncated=False
  [216/1560] trajectory_id=215 hasta=107 doz=1.000 -> 17 kare, truncated=False
  [217/1560] trajectory_id=217 hasta=108 doz=1.000 -> 17 kare, truncated=False
  [218/1560] trajectory_id=216 hasta=108 doz=0.100 -> 17 kare, truncated=False
  [219/1560] trajectory_id=218 hasta=109 doz=0.100 -> 17 kare, truncated=False
  [220/1560] trajectory_id=219 hasta=109 doz=1.000 -> 17 kare, truncated=False
  [221/1560] trajectory_id=220 hasta=110 doz=0.100 -> 17 kare, truncated=False
  [222/1560] trajectory_id=221 hasta=110 doz=1.000 -> 17 kare, truncated=False
  [223/1560] trajectory_id=222 hasta=111 doz=0.100 -> 17 kare, truncated=False
  [224/1560] trajectory_id=223 hasta=111 doz=1.000 -> 17 kare, truncated=False
  [225/1560] trajectory_id=224 hasta=112 doz=0.100 -> 17 kare, truncated=False
  [226/1560] trajectory_id=225 hasta=112 doz=1.000 -> 17 kare, truncated=False
  [227/1560] trajectory_id=226 hasta=113 doz=0.100 -> 17 kare, truncated=False
  [228/1560] trajectory_id=227 hasta=113 doz=1.000 -> 17 kare, truncated=False
  [229/1560] trajectory_id=228 hasta=114 doz=0.100 -> 17 kare, truncated=False
  [230/1560] trajectory_id=229 hasta=114 doz=1.000 -> 17 kare, truncated=False
  [231/1560] trajectory_id=230 hasta=115 doz=0.100 -> 17 kare, truncated=False
  [232/1560] trajectory_id=231 hasta=115 doz=1.000 -> 17 kare, truncated=False
  [233/1560] trajectory_id=232 hasta=116 doz=0.100 -> 17 kare, truncated=False
  [234/1560] trajectory_id=233 hasta=116 doz=1.000 -> 17 kare, truncated=False
  [235/1560] trajectory_id=234 hasta=117 doz=0.100 -> 17 kare, truncated=False
  [236/1560] trajectory_id=235 hasta=117 doz=1.000 -> 17 kare, truncated=False
  [237/1560] trajectory_id=236 hasta=118 doz=0.100 -> 17 kare, truncated=False
  [238/1560] trajectory_id=237 hasta=118 doz=1.000 -> 17 kare, truncated=False
  [239/1560] trajectory_id=238 hasta=119 doz=0.100 -> 17 kare, truncated=False
  [240/1560] trajectory_id=239 hasta=119 doz=1.000 -> 17 kare, truncated=False
  [241/1560] trajectory_id=240 hasta=120 doz=0.100 -> 17 kare, truncated=False
  [242/1560] trajectory_id=242 hasta=121 doz=0.100 -> 17 kare, truncated=False
  [243/1560] trajectory_id=241 hasta=120 doz=1.000 -> 17 kare, truncated=False
  [244/1560] trajectory_id=243 hasta=121 doz=1.000 -> 17 kare, truncated=False
  [245/1560] trajectory_id=244 hasta=122 doz=0.100 -> 17 kare, truncated=False
  [246/1560] trajectory_id=245 hasta=122 doz=1.000 -> 17 kare, truncated=False
  [247/1560] trajectory_id=246 hasta=123 doz=0.100 -> 17 kare, truncated=False
  [248/1560] trajectory_id=247 hasta=123 doz=1.000 -> 17 kare, truncated=False
  [249/1560] trajectory_id=248 hasta=124 doz=0.100 -> 17 kare, truncated=False
  [250/1560] trajectory_id=249 hasta=124 doz=1.000 -> 17 kare, truncated=False
[2026-07-30 21:36:34] 250/1560 trajectory tamamlandý (geçen süre 61.5 dk, tahmini kalan süre 322.1 dk)
  [251/1560] trajectory_id=250 hasta=125 doz=0.100 -> 17 kare, truncated=False
  [252/1560] trajectory_id=251 hasta=125 doz=1.000 -> 17 kare, truncated=False
  [253/1560] trajectory_id=252 hasta=126 doz=0.100 -> 17 kare, truncated=False
  [254/1560] trajectory_id=253 hasta=126 doz=1.000 -> 17 kare, truncated=False
  [255/1560] trajectory_id=254 hasta=127 doz=0.100 -> 17 kare, truncated=False
  [256/1560] trajectory_id=255 hasta=127 doz=1.000 -> 17 kare, truncated=False
  [257/1560] trajectory_id=256 hasta=128 doz=0.100 -> 17 kare, truncated=False
  [258/1560] trajectory_id=257 hasta=128 doz=1.000 -> 17 kare, truncated=False
  [259/1560] trajectory_id=258 hasta=129 doz=0.100 -> 17 kare, truncated=False
  [260/1560] trajectory_id=260 hasta=130 doz=0.100 -> 17 kare, truncated=False
  [261/1560] trajectory_id=259 hasta=129 doz=1.000 -> 17 kare, truncated=False
  [262/1560] trajectory_id=261 hasta=130 doz=1.000 -> 17 kare, truncated=False
  [263/1560] trajectory_id=262 hasta=131 doz=0.100 -> 17 kare, truncated=False
  [264/1560] trajectory_id=263 hasta=131 doz=1.000 -> 17 kare, truncated=False
  [265/1560] trajectory_id=264 hasta=132 doz=0.100 -> 17 kare, truncated=False
  [266/1560] trajectory_id=265 hasta=132 doz=1.000 -> 17 kare, truncated=False
  [267/1560] trajectory_id=266 hasta=133 doz=0.100 -> 17 kare, truncated=False
  [268/1560] trajectory_id=267 hasta=133 doz=1.000 -> 17 kare, truncated=False
  [269/1560] trajectory_id=268 hasta=134 doz=0.100 -> 17 kare, truncated=False
  [270/1560] trajectory_id=269 hasta=134 doz=1.000 -> 17 kare, truncated=False
  [271/1560] trajectory_id=270 hasta=135 doz=0.100 -> 17 kare, truncated=False
  [272/1560] trajectory_id=271 hasta=135 doz=1.000 -> 17 kare, truncated=False
  [273/1560] trajectory_id=273 hasta=136 doz=1.000 -> 17 kare, truncated=False
  [274/1560] trajectory_id=272 hasta=136 doz=0.100 -> 17 kare, truncated=False
  [275/1560] trajectory_id=274 hasta=137 doz=0.100 -> 17 kare, truncated=False
  [276/1560] trajectory_id=275 hasta=137 doz=1.000 -> 17 kare, truncated=False
  [277/1560] trajectory_id=276 hasta=138 doz=0.100 -> 17 kare, truncated=False
  [278/1560] trajectory_id=277 hasta=138 doz=1.000 -> 17 kare, truncated=False
  [279/1560] trajectory_id=278 hasta=139 doz=0.100 -> 17 kare, truncated=False
  [280/1560] trajectory_id=279 hasta=139 doz=1.000 -> 17 kare, truncated=False
  [281/1560] trajectory_id=280 hasta=140 doz=0.100 -> 17 kare, truncated=False
  [282/1560] trajectory_id=281 hasta=140 doz=1.000 -> 17 kare, truncated=False
  [283/1560] trajectory_id=282 hasta=141 doz=0.100 -> 17 kare, truncated=False
  [284/1560] trajectory_id=283 hasta=141 doz=1.000 -> 17 kare, truncated=False
  [285/1560] trajectory_id=284 hasta=142 doz=0.100 -> 17 kare, truncated=False
  [286/1560] trajectory_id=285 hasta=142 doz=1.000 -> 17 kare, truncated=False
  [287/1560] trajectory_id=286 hasta=143 doz=0.100 -> 17 kare, truncated=False
  [288/1560] trajectory_id=288 hasta=144 doz=0.100 -> 17 kare, truncated=False
  [289/1560] trajectory_id=287 hasta=143 doz=1.000 -> 17 kare, truncated=False
  [290/1560] trajectory_id=289 hasta=144 doz=1.000 -> 17 kare, truncated=False
  [291/1560] trajectory_id=290 hasta=145 doz=0.100 -> 17 kare, truncated=False
  [292/1560] trajectory_id=291 hasta=145 doz=1.000 -> 17 kare, truncated=False
  [293/1560] trajectory_id=292 hasta=146 doz=0.100 -> 17 kare, truncated=False
  [294/1560] trajectory_id=293 hasta=146 doz=1.000 -> 17 kare, truncated=False
  [295/1560] trajectory_id=295 hasta=147 doz=1.000 -> 17 kare, truncated=False
  [296/1560] trajectory_id=294 hasta=147 doz=0.100 -> 17 kare, truncated=False
  [297/1560] trajectory_id=296 hasta=148 doz=0.100 -> 17 kare, truncated=False
  [298/1560] trajectory_id=297 hasta=148 doz=1.000 -> 17 kare, truncated=False
  [299/1560] trajectory_id=298 hasta=149 doz=0.100 -> 17 kare, truncated=False
  [300/1560] trajectory_id=299 hasta=149 doz=1.000 -> 17 kare, truncated=False
[2026-07-30 21:50:48] 300/1560 trajectory tamamlandý (geçen süre 75.7 dk, tahmini kalan süre 318.0 dk)
  [301/1560] trajectory_id=300 hasta=150 doz=0.100 -> 17 kare, truncated=False
  [302/1560] trajectory_id=301 hasta=150 doz=1.000 -> 17 kare, truncated=False
  [303/1560] trajectory_id=302 hasta=151 doz=0.100 -> 17 kare, truncated=False
  [304/1560] trajectory_id=303 hasta=151 doz=1.000 -> 17 kare, truncated=False
  [305/1560] trajectory_id=304 hasta=152 doz=0.100 -> 17 kare, truncated=False
  [306/1560] trajectory_id=305 hasta=152 doz=1.000 -> 17 kare, truncated=False
  [307/1560] trajectory_id=306 hasta=153 doz=0.100 -> 17 kare, truncated=False
  [308/1560] trajectory_id=307 hasta=153 doz=1.000 -> 17 kare, truncated=False
  [309/1560] trajectory_id=309 hasta=154 doz=1.000 -> 17 kare, truncated=False
  [310/1560] trajectory_id=308 hasta=154 doz=0.100 -> 17 kare, truncated=False
  [311/1560] trajectory_id=310 hasta=155 doz=0.100 -> 17 kare, truncated=False
  [312/1560] trajectory_id=311 hasta=155 doz=1.000 -> 17 kare, truncated=False
  [313/1560] trajectory_id=312 hasta=156 doz=0.100 -> 17 kare, truncated=False
  [314/1560] trajectory_id=313 hasta=156 doz=1.000 -> 17 kare, truncated=False
  [315/1560] trajectory_id=314 hasta=157 doz=0.100 -> 17 kare, truncated=False
  [316/1560] trajectory_id=315 hasta=157 doz=1.000 -> 17 kare, truncated=False
  [317/1560] trajectory_id=316 hasta=158 doz=0.100 -> 17 kare, truncated=False
  [318/1560] trajectory_id=318 hasta=159 doz=0.100 -> 17 kare, truncated=False
  [319/1560] trajectory_id=319 hasta=159 doz=1.000 -> 17 kare, truncated=False
  [320/1560] trajectory_id=317 hasta=158 doz=1.000 -> 17 kare, truncated=False
  [321/1560] trajectory_id=320 hasta=160 doz=0.100 -> 17 kare, truncated=False
  [322/1560] trajectory_id=321 hasta=160 doz=1.000 -> 17 kare, truncated=False
  [323/1560] trajectory_id=322 hasta=161 doz=0.100 -> 17 kare, truncated=False
  [324/1560] trajectory_id=324 hasta=162 doz=0.100 -> 17 kare, truncated=False
  [325/1560] trajectory_id=323 hasta=161 doz=1.000 -> 17 kare, truncated=False
  [326/1560] trajectory_id=325 hasta=162 doz=1.000 -> 17 kare, truncated=False
  [327/1560] trajectory_id=326 hasta=163 doz=0.100 -> 17 kare, truncated=False
  [328/1560] trajectory_id=327 hasta=163 doz=1.000 -> 17 kare, truncated=False
  [329/1560] trajectory_id=328 hasta=164 doz=0.100 -> 17 kare, truncated=False
  [330/1560] trajectory_id=331 hasta=165 doz=1.000 -> 17 kare, truncated=False
  [331/1560] trajectory_id=329 hasta=164 doz=1.000 -> 17 kare, truncated=False
  [332/1560] trajectory_id=330 hasta=165 doz=0.100 -> 17 kare, truncated=False
  [333/1560] trajectory_id=332 hasta=166 doz=0.100 -> 17 kare, truncated=False
  [334/1560] trajectory_id=333 hasta=166 doz=1.000 -> 17 kare, truncated=False
  [335/1560] trajectory_id=334 hasta=167 doz=0.100 -> 17 kare, truncated=False
  [336/1560] trajectory_id=336 hasta=168 doz=0.100 -> 17 kare, truncated=False
  [337/1560] trajectory_id=335 hasta=167 doz=1.000 -> 17 kare, truncated=False
  [338/1560] trajectory_id=337 hasta=168 doz=1.000 -> 17 kare, truncated=False
  [339/1560] trajectory_id=338 hasta=169 doz=0.100 -> 17 kare, truncated=False
  [340/1560] trajectory_id=339 hasta=169 doz=1.000 -> 17 kare, truncated=False
  [341/1560] trajectory_id=340 hasta=170 doz=0.100 -> 17 kare, truncated=False
  [342/1560] trajectory_id=341 hasta=170 doz=1.000 -> 17 kare, truncated=False
  [343/1560] trajectory_id=342 hasta=171 doz=0.100 -> 17 kare, truncated=False
  [344/1560] trajectory_id=343 hasta=171 doz=1.000 -> 17 kare, truncated=False
  [345/1560] trajectory_id=344 hasta=172 doz=0.100 -> 17 kare, truncated=False
  [346/1560] trajectory_id=345 hasta=172 doz=1.000 -> 17 kare, truncated=False
  [347/1560] trajectory_id=346 hasta=173 doz=0.100 -> 17 kare, truncated=False
  [348/1560] trajectory_id=347 hasta=173 doz=1.000 -> 17 kare, truncated=False
  [349/1560] trajectory_id=348 hasta=174 doz=0.100 -> 17 kare, truncated=False
  [350/1560] trajectory_id=349 hasta=174 doz=1.000 -> 17 kare, truncated=False
[2026-07-30 22:04:16] 350/1560 trajectory tamamlandý (geçen süre 89.2 dk, tahmini kalan süre 308.3 dk)
  [351/1560] trajectory_id=350 hasta=175 doz=0.100 -> 17 kare, truncated=False
  [352/1560] trajectory_id=351 hasta=175 doz=1.000 -> 17 kare, truncated=False
  [353/1560] trajectory_id=352 hasta=176 doz=0.100 -> 17 kare, truncated=False
  [354/1560] trajectory_id=354 hasta=177 doz=0.100 -> 17 kare, truncated=False
  [355/1560] trajectory_id=353 hasta=176 doz=1.000 -> 17 kare, truncated=False
  [356/1560] trajectory_id=355 hasta=177 doz=1.000 -> 17 kare, truncated=False
  [357/1560] trajectory_id=356 hasta=178 doz=0.100 -> 17 kare, truncated=False
  [358/1560] trajectory_id=357 hasta=178 doz=1.000 -> 17 kare, truncated=False
  [359/1560] trajectory_id=358 hasta=179 doz=0.100 -> 17 kare, truncated=False
  [360/1560] trajectory_id=360 hasta=180 doz=0.100 -> 17 kare, truncated=False
  [361/1560] trajectory_id=361 hasta=180 doz=1.000 -> 17 kare, truncated=False
  [362/1560] trajectory_id=359 hasta=179 doz=1.000 -> 17 kare, truncated=False
  [363/1560] trajectory_id=362 hasta=181 doz=0.100 -> 17 kare, truncated=False
  [364/1560] trajectory_id=363 hasta=181 doz=1.000 -> 17 kare, truncated=False
  [365/1560] trajectory_id=364 hasta=182 doz=0.100 -> 17 kare, truncated=False
  [366/1560] trajectory_id=366 hasta=183 doz=0.100 -> 17 kare, truncated=False
  [367/1560] trajectory_id=367 hasta=183 doz=1.000 -> 17 kare, truncated=False
  [368/1560] trajectory_id=365 hasta=182 doz=1.000 -> 17 kare, truncated=False
  [369/1560] trajectory_id=368 hasta=184 doz=0.100 -> 17 kare, truncated=False
  [370/1560] trajectory_id=369 hasta=184 doz=1.000 -> 17 kare, truncated=False
  [371/1560] trajectory_id=370 hasta=185 doz=0.100 -> 17 kare, truncated=False
  [372/1560] trajectory_id=371 hasta=185 doz=1.000 -> 17 kare, truncated=False
  [373/1560] trajectory_id=373 hasta=186 doz=1.000 -> 17 kare, truncated=False
  [374/1560] trajectory_id=372 hasta=186 doz=0.100 -> 17 kare, truncated=False
  [375/1560] trajectory_id=374 hasta=187 doz=0.100 -> 17 kare, truncated=False
  [376/1560] trajectory_id=376 hasta=188 doz=0.100 -> 17 kare, truncated=False
  [377/1560] trajectory_id=375 hasta=187 doz=1.000 -> 17 kare, truncated=False
  [378/1560] trajectory_id=377 hasta=188 doz=1.000 -> 17 kare, truncated=False
  [379/1560] trajectory_id=378 hasta=189 doz=0.100 -> 17 kare, truncated=False
  [380/1560] trajectory_id=379 hasta=189 doz=1.000 -> 17 kare, truncated=False
  [381/1560] trajectory_id=381 hasta=190 doz=1.000 -> 17 kare, truncated=False
  [382/1560] trajectory_id=380 hasta=190 doz=0.100 -> 17 kare, truncated=False
  [383/1560] trajectory_id=382 hasta=191 doz=0.100 -> 17 kare, truncated=False
  [384/1560] trajectory_id=383 hasta=191 doz=1.000 -> 17 kare, truncated=False
  [385/1560] trajectory_id=384 hasta=192 doz=0.100 -> 17 kare, truncated=False
  [386/1560] trajectory_id=385 hasta=192 doz=1.000 -> 17 kare, truncated=False
  [387/1560] trajectory_id=387 hasta=193 doz=1.000 -> 17 kare, truncated=False
  [388/1560] trajectory_id=388 hasta=194 doz=0.100 -> 17 kare, truncated=False
  [389/1560] trajectory_id=386 hasta=193 doz=0.100 -> 17 kare, truncated=False
  [390/1560] trajectory_id=389 hasta=194 doz=1.000 -> 17 kare, truncated=False
  [391/1560] trajectory_id=390 hasta=195 doz=0.100 -> 17 kare, truncated=False
  [392/1560] trajectory_id=391 hasta=195 doz=1.000 -> 17 kare, truncated=False
  [393/1560] trajectory_id=392 hasta=196 doz=0.100 -> 17 kare, truncated=False
  [394/1560] trajectory_id=393 hasta=196 doz=1.000 -> 17 kare, truncated=False
  [395/1560] trajectory_id=394 hasta=197 doz=0.100 -> 17 kare, truncated=False
  [396/1560] trajectory_id=396 hasta=198 doz=0.100 -> 17 kare, truncated=False
  [397/1560] trajectory_id=395 hasta=197 doz=1.000 -> 17 kare, truncated=False
  [398/1560] trajectory_id=397 hasta=198 doz=1.000 -> 17 kare, truncated=False
  [399/1560] trajectory_id=398 hasta=199 doz=0.100 -> 17 kare, truncated=False
  [400/1560] trajectory_id=399 hasta=199 doz=1.000 -> 17 kare, truncated=False
[2026-07-30 22:18:08] 400/1560 trajectory tamamlandý (geçen süre 103.0 dk, tahmini kalan süre 298.8 dk)
  [401/1560] trajectory_id=400 hasta=200 doz=0.100 -> 17 kare, truncated=False
  [402/1560] trajectory_id=401 hasta=200 doz=1.000 -> 17 kare, truncated=False
  [403/1560] trajectory_id=402 hasta=201 doz=0.100 -> 17 kare, truncated=False
  [404/1560] trajectory_id=403 hasta=201 doz=1.000 -> 17 kare, truncated=False
  [405/1560] trajectory_id=404 hasta=202 doz=0.100 -> 17 kare, truncated=False
  [406/1560] trajectory_id=405 hasta=202 doz=1.000 -> 17 kare, truncated=False
  [407/1560] trajectory_id=406 hasta=203 doz=0.100 -> 17 kare, truncated=False
  [408/1560] trajectory_id=407 hasta=203 doz=1.000 -> 17 kare, truncated=False
  [409/1560] trajectory_id=408 hasta=204 doz=0.100 -> 17 kare, truncated=False
  [410/1560] trajectory_id=409 hasta=204 doz=1.000 -> 17 kare, truncated=False
  [411/1560] trajectory_id=410 hasta=205 doz=0.100 -> 17 kare, truncated=False
  [412/1560] trajectory_id=411 hasta=205 doz=1.000 -> 17 kare, truncated=False
  [413/1560] trajectory_id=412 hasta=206 doz=0.100 -> 17 kare, truncated=False
  [414/1560] trajectory_id=413 hasta=206 doz=1.000 -> 17 kare, truncated=False
  [415/1560] trajectory_id=414 hasta=207 doz=0.100 -> 17 kare, truncated=False
  [416/1560] trajectory_id=415 hasta=207 doz=1.000 -> 17 kare, truncated=False
  [417/1560] trajectory_id=416 hasta=208 doz=0.100 -> 17 kare, truncated=False
  [418/1560] trajectory_id=417 hasta=208 doz=1.000 -> 17 kare, truncated=False
  [419/1560] trajectory_id=418 hasta=209 doz=0.100 -> 17 kare, truncated=False
  [420/1560] trajectory_id=419 hasta=209 doz=1.000 -> 17 kare, truncated=False
  [421/1560] trajectory_id=420 hasta=210 doz=0.100 -> 17 kare, truncated=False
  [422/1560] trajectory_id=421 hasta=210 doz=1.000 -> 17 kare, truncated=False
  [423/1560] trajectory_id=422 hasta=211 doz=0.100 -> 17 kare, truncated=False
  [424/1560] trajectory_id=424 hasta=212 doz=0.100 -> 17 kare, truncated=False
  [425/1560] trajectory_id=423 hasta=211 doz=1.000 -> 17 kare, truncated=False
  [426/1560] trajectory_id=425 hasta=212 doz=1.000 -> 17 kare, truncated=False
  [427/1560] trajectory_id=426 hasta=213 doz=0.100 -> 17 kare, truncated=False
  [428/1560] trajectory_id=427 hasta=213 doz=1.000 -> 17 kare, truncated=False
  [429/1560] trajectory_id=428 hasta=214 doz=0.100 -> 17 kare, truncated=False
  [430/1560] trajectory_id=430 hasta=215 doz=0.100 -> 17 kare, truncated=False
  [431/1560] trajectory_id=429 hasta=214 doz=1.000 -> 17 kare, truncated=False
  [432/1560] trajectory_id=431 hasta=215 doz=1.000 -> 17 kare, truncated=False
  [433/1560] trajectory_id=432 hasta=216 doz=0.100 -> 17 kare, truncated=False
  [434/1560] trajectory_id=433 hasta=216 doz=1.000 -> 17 kare, truncated=False
  [435/1560] trajectory_id=434 hasta=217 doz=0.100 -> 17 kare, truncated=False
  [436/1560] trajectory_id=435 hasta=217 doz=1.000 -> 17 kare, truncated=False
  [437/1560] trajectory_id=436 hasta=218 doz=0.100 -> 17 kare, truncated=False
  [438/1560] trajectory_id=437 hasta=218 doz=1.000 -> 17 kare, truncated=False
  [439/1560] trajectory_id=438 hasta=219 doz=0.100 -> 17 kare, truncated=False
  [440/1560] trajectory_id=440 hasta=220 doz=0.100 -> 17 kare, truncated=False
  [441/1560] trajectory_id=439 hasta=219 doz=1.000 -> 17 kare, truncated=False
  [442/1560] trajectory_id=441 hasta=220 doz=1.000 -> 17 kare, truncated=False
  [443/1560] trajectory_id=442 hasta=221 doz=0.100 -> 17 kare, truncated=False
  [444/1560] trajectory_id=443 hasta=221 doz=1.000 -> 17 kare, truncated=False
  [445/1560] trajectory_id=444 hasta=222 doz=0.100 -> 17 kare, truncated=False
  [446/1560] trajectory_id=445 hasta=222 doz=1.000 -> 17 kare, truncated=False
  [447/1560] trajectory_id=446 hasta=223 doz=0.100 -> 17 kare, truncated=False
  [448/1560] trajectory_id=447 hasta=223 doz=1.000 -> 17 kare, truncated=False
  [449/1560] trajectory_id=448 hasta=224 doz=0.100 -> 17 kare, truncated=False
  [450/1560] trajectory_id=449 hasta=224 doz=1.000 -> 17 kare, truncated=False
[2026-07-30 22:31:51] 450/1560 trajectory tamamlandý (geçen süre 116.8 dk, tahmini kalan süre 288.0 dk)
  [451/1560] trajectory_id=450 hasta=225 doz=0.100 -> 17 kare, truncated=False
  [452/1560] trajectory_id=451 hasta=225 doz=1.000 -> 17 kare, truncated=False
  [453/1560] trajectory_id=452 hasta=226 doz=0.100 -> 17 kare, truncated=False
  [454/1560] trajectory_id=453 hasta=226 doz=1.000 -> 17 kare, truncated=False
  [455/1560] trajectory_id=454 hasta=227 doz=0.100 -> 17 kare, truncated=False
  [456/1560] trajectory_id=455 hasta=227 doz=1.000 -> 17 kare, truncated=False
  [457/1560] trajectory_id=456 hasta=228 doz=0.100 -> 17 kare, truncated=False
  [458/1560] trajectory_id=457 hasta=228 doz=1.000 -> 17 kare, truncated=False
  [459/1560] trajectory_id=458 hasta=229 doz=0.100 -> 17 kare, truncated=False
  [460/1560] trajectory_id=459 hasta=229 doz=1.000 -> 17 kare, truncated=False
  [461/1560] trajectory_id=460 hasta=230 doz=0.100 -> 17 kare, truncated=False
  [462/1560] trajectory_id=461 hasta=230 doz=1.000 -> 17 kare, truncated=False
  [463/1560] trajectory_id=462 hasta=231 doz=0.100 -> 17 kare, truncated=False
  [464/1560] trajectory_id=463 hasta=231 doz=1.000 -> 17 kare, truncated=False
  [465/1560] trajectory_id=464 hasta=232 doz=0.100 -> 17 kare, truncated=False
  [466/1560] trajectory_id=465 hasta=232 doz=1.000 -> 17 kare, truncated=False
  [467/1560] trajectory_id=466 hasta=233 doz=0.100 -> 17 kare, truncated=False
  [468/1560] trajectory_id=468 hasta=234 doz=0.100 -> 17 kare, truncated=False
  [469/1560] trajectory_id=467 hasta=233 doz=1.000 -> 17 kare, truncated=False
  [470/1560] trajectory_id=470 hasta=235 doz=0.100 -> 17 kare, truncated=False
  [471/1560] trajectory_id=469 hasta=234 doz=1.000 -> 17 kare, truncated=False
  [472/1560] trajectory_id=471 hasta=235 doz=1.000 -> 17 kare, truncated=False
  [473/1560] trajectory_id=472 hasta=236 doz=0.100 -> 17 kare, truncated=False
  [474/1560] trajectory_id=473 hasta=236 doz=1.000 -> 17 kare, truncated=False
  [475/1560] trajectory_id=474 hasta=237 doz=0.100 -> 17 kare, truncated=False
  [476/1560] trajectory_id=476 hasta=238 doz=0.100 -> 17 kare, truncated=False
  [477/1560] trajectory_id=475 hasta=237 doz=1.000 -> 17 kare, truncated=False
  [478/1560] trajectory_id=477 hasta=238 doz=1.000 -> 17 kare, truncated=False
  [479/1560] trajectory_id=478 hasta=239 doz=0.100 -> 17 kare, truncated=False
  [480/1560] trajectory_id=479 hasta=239 doz=1.000 -> 17 kare, truncated=False
  [481/1560] trajectory_id=480 hasta=240 doz=0.100 -> 17 kare, truncated=False
  [482/1560] trajectory_id=481 hasta=240 doz=1.000 -> 17 kare, truncated=False
  [483/1560] trajectory_id=482 hasta=241 doz=0.100 -> 17 kare, truncated=False
  [484/1560] trajectory_id=484 hasta=242 doz=0.100 -> 17 kare, truncated=False
  [485/1560] trajectory_id=483 hasta=241 doz=1.000 -> 17 kare, truncated=False
  [486/1560] trajectory_id=485 hasta=242 doz=1.000 -> 17 kare, truncated=False
  [487/1560] trajectory_id=486 hasta=243 doz=0.100 -> 17 kare, truncated=False
  [488/1560] trajectory_id=487 hasta=243 doz=1.000 -> 17 kare, truncated=False
  [489/1560] trajectory_id=488 hasta=244 doz=0.100 -> 17 kare, truncated=False
  [490/1560] trajectory_id=489 hasta=244 doz=1.000 -> 17 kare, truncated=False
  [491/1560] trajectory_id=490 hasta=245 doz=0.100 -> 17 kare, truncated=False
  [492/1560] trajectory_id=491 hasta=245 doz=1.000 -> 17 kare, truncated=False
  [493/1560] trajectory_id=492 hasta=246 doz=0.100 -> 17 kare, truncated=False
  [494/1560] trajectory_id=494 hasta=247 doz=0.100 -> 17 kare, truncated=False
  [495/1560] trajectory_id=493 hasta=246 doz=1.000 -> 17 kare, truncated=False
  [496/1560] trajectory_id=495 hasta=247 doz=1.000 -> 17 kare, truncated=False
  [497/1560] trajectory_id=496 hasta=248 doz=0.100 -> 17 kare, truncated=False
  [498/1560] trajectory_id=497 hasta=248 doz=1.000 -> 17 kare, truncated=False
  [499/1560] trajectory_id=498 hasta=249 doz=0.100 -> 17 kare, truncated=False
  [500/1560] trajectory_id=499 hasta=249 doz=1.000 -> 17 kare, truncated=False
[2026-07-30 22:45:39] 500/1560 trajectory tamamlandý (geçen süre 130.5 dk, tahmini kalan süre 276.8 dk)
  [501/1560] trajectory_id=500 hasta=250 doz=0.100 -> 17 kare, truncated=False
  [502/1560] trajectory_id=501 hasta=250 doz=1.000 -> 17 kare, truncated=False
  [503/1560] trajectory_id=502 hasta=251 doz=0.100 -> 17 kare, truncated=False
  [504/1560] trajectory_id=503 hasta=251 doz=1.000 -> 17 kare, truncated=False
  [505/1560] trajectory_id=504 hasta=252 doz=0.100 -> 17 kare, truncated=False
  [506/1560] trajectory_id=505 hasta=252 doz=1.000 -> 17 kare, truncated=False
  [507/1560] trajectory_id=506 hasta=253 doz=0.100 -> 17 kare, truncated=False
  [508/1560] trajectory_id=508 hasta=254 doz=0.100 -> 17 kare, truncated=False
  [509/1560] trajectory_id=507 hasta=253 doz=1.000 -> 17 kare, truncated=False
  [510/1560] trajectory_id=509 hasta=254 doz=1.000 -> 17 kare, truncated=False
  [511/1560] trajectory_id=510 hasta=255 doz=0.100 -> 17 kare, truncated=False
  [512/1560] trajectory_id=511 hasta=255 doz=1.000 -> 17 kare, truncated=False
  [513/1560] trajectory_id=512 hasta=256 doz=0.100 -> 17 kare, truncated=False
  [514/1560] trajectory_id=513 hasta=256 doz=1.000 -> 17 kare, truncated=False
  [515/1560] trajectory_id=514 hasta=257 doz=0.100 -> 17 kare, truncated=False
  [516/1560] trajectory_id=515 hasta=257 doz=1.000 -> 17 kare, truncated=False
  [517/1560] trajectory_id=516 hasta=258 doz=0.100 -> 17 kare, truncated=False
  [518/1560] trajectory_id=517 hasta=258 doz=1.000 -> 17 kare, truncated=False
  [519/1560] trajectory_id=518 hasta=259 doz=0.100 -> 17 kare, truncated=False
  [520/1560] trajectory_id=519 hasta=259 doz=1.000 -> 17 kare, truncated=False
  [521/1560] trajectory_id=520 hasta=260 doz=0.100 -> 17 kare, truncated=False
  [522/1560] trajectory_id=521 hasta=260 doz=1.000 -> 17 kare, truncated=False
  [523/1560] trajectory_id=522 hasta=261 doz=0.100 -> 17 kare, truncated=False
  [524/1560] trajectory_id=523 hasta=261 doz=1.000 -> 17 kare, truncated=False
  [525/1560] trajectory_id=524 hasta=262 doz=0.100 -> 17 kare, truncated=False
  [526/1560] trajectory_id=525 hasta=262 doz=1.000 -> 17 kare, truncated=False
  [527/1560] trajectory_id=526 hasta=263 doz=0.100 -> 17 kare, truncated=False
  [528/1560] trajectory_id=527 hasta=263 doz=1.000 -> 17 kare, truncated=False
  [529/1560] trajectory_id=528 hasta=264 doz=0.100 -> 17 kare, truncated=False
  [530/1560] trajectory_id=530 hasta=265 doz=0.100 -> 17 kare, truncated=False
  [531/1560] trajectory_id=529 hasta=264 doz=1.000 -> 17 kare, truncated=False
  [532/1560] trajectory_id=531 hasta=265 doz=1.000 -> 17 kare, truncated=False
  [533/1560] trajectory_id=532 hasta=266 doz=0.100 -> 17 kare, truncated=False
  [534/1560] trajectory_id=533 hasta=266 doz=1.000 -> 17 kare, truncated=False
  [535/1560] trajectory_id=534 hasta=267 doz=0.100 -> 17 kare, truncated=False
  [536/1560] trajectory_id=535 hasta=267 doz=1.000 -> 17 kare, truncated=False
  [537/1560] trajectory_id=536 hasta=268 doz=0.100 -> 17 kare, truncated=False
  [538/1560] trajectory_id=537 hasta=268 doz=1.000 -> 17 kare, truncated=False
  [539/1560] trajectory_id=538 hasta=269 doz=0.100 -> 17 kare, truncated=False
  [540/1560] trajectory_id=539 hasta=269 doz=1.000 -> 17 kare, truncated=False
  [541/1560] trajectory_id=540 hasta=270 doz=0.100 -> 17 kare, truncated=False
  [542/1560] trajectory_id=541 hasta=270 doz=1.000 -> 17 kare, truncated=False
  [543/1560] trajectory_id=542 hasta=271 doz=0.100 -> 17 kare, truncated=False
  [544/1560] trajectory_id=543 hasta=271 doz=1.000 -> 17 kare, truncated=False
  [545/1560] trajectory_id=544 hasta=272 doz=0.100 -> 17 kare, truncated=False
  [546/1560] trajectory_id=545 hasta=272 doz=1.000 -> 17 kare, truncated=False
  [547/1560] trajectory_id=546 hasta=273 doz=0.100 -> 17 kare, truncated=False
  [548/1560] trajectory_id=547 hasta=273 doz=1.000 -> 17 kare, truncated=False
  [549/1560] trajectory_id=548 hasta=274 doz=0.100 -> 17 kare, truncated=False
  [550/1560] trajectory_id=549 hasta=274 doz=1.000 -> 17 kare, truncated=False
[2026-07-30 22:58:33] 550/1560 trajectory tamamlandý (geçen süre 143.5 dk, tahmini kalan süre 263.4 dk)
  [551/1560] trajectory_id=550 hasta=275 doz=0.100 -> 17 kare, truncated=False
  [552/1560] trajectory_id=551 hasta=275 doz=1.000 -> 17 kare, truncated=False
  [553/1560] trajectory_id=552 hasta=276 doz=0.100 -> 17 kare, truncated=False
  [554/1560] trajectory_id=553 hasta=276 doz=1.000 -> 17 kare, truncated=False
  [555/1560] trajectory_id=554 hasta=277 doz=0.100 -> 17 kare, truncated=False
  [556/1560] trajectory_id=555 hasta=277 doz=1.000 -> 17 kare, truncated=False
  [557/1560] trajectory_id=556 hasta=278 doz=0.100 -> 17 kare, truncated=False
  [558/1560] trajectory_id=557 hasta=278 doz=1.000 -> 17 kare, truncated=False
  [559/1560] trajectory_id=558 hasta=279 doz=0.100 -> 17 kare, truncated=False
  [560/1560] trajectory_id=559 hasta=279 doz=1.000 -> 17 kare, truncated=False
  [561/1560] trajectory_id=560 hasta=280 doz=0.100 -> 17 kare, truncated=False
  [562/1560] trajectory_id=561 hasta=280 doz=1.000 -> 17 kare, truncated=False
  [563/1560] trajectory_id=562 hasta=281 doz=0.100 -> 17 kare, truncated=False
  [564/1560] trajectory_id=563 hasta=281 doz=1.000 -> 17 kare, truncated=False
  [565/1560] trajectory_id=564 hasta=282 doz=0.100 -> 17 kare, truncated=False
  [566/1560] trajectory_id=565 hasta=282 doz=1.000 -> 17 kare, truncated=False
  [567/1560] trajectory_id=566 hasta=283 doz=0.100 -> 17 kare, truncated=False
  [568/1560] trajectory_id=567 hasta=283 doz=1.000 -> 17 kare, truncated=False
  [569/1560] trajectory_id=568 hasta=284 doz=0.100 -> 17 kare, truncated=False
  [570/1560] trajectory_id=569 hasta=284 doz=1.000 -> 17 kare, truncated=False
  [571/1560] trajectory_id=570 hasta=285 doz=0.100 -> 17 kare, truncated=False
  [572/1560] trajectory_id=571 hasta=285 doz=1.000 -> 17 kare, truncated=False
  [573/1560] trajectory_id=572 hasta=286 doz=0.100 -> 17 kare, truncated=False
  [574/1560] trajectory_id=573 hasta=286 doz=1.000 -> 17 kare, truncated=False
  [575/1560] trajectory_id=574 hasta=287 doz=0.100 -> 17 kare, truncated=False
  [576/1560] trajectory_id=575 hasta=287 doz=1.000 -> 17 kare, truncated=False
  [577/1560] trajectory_id=576 hasta=288 doz=0.100 -> 17 kare, truncated=False
  [578/1560] trajectory_id=577 hasta=288 doz=1.000 -> 17 kare, truncated=False
  [579/1560] trajectory_id=578 hasta=289 doz=0.100 -> 17 kare, truncated=False
  [580/1560] trajectory_id=579 hasta=289 doz=1.000 -> 17 kare, truncated=False
  [581/1560] trajectory_id=580 hasta=290 doz=0.100 -> 17 kare, truncated=False
  [582/1560] trajectory_id=581 hasta=290 doz=1.000 -> 17 kare, truncated=False
  [583/1560] trajectory_id=582 hasta=291 doz=0.100 -> 17 kare, truncated=False
  [584/1560] trajectory_id=584 hasta=292 doz=0.100 -> 17 kare, truncated=False
  [585/1560] trajectory_id=583 hasta=291 doz=1.000 -> 17 kare, truncated=False
  [586/1560] trajectory_id=585 hasta=292 doz=1.000 -> 17 kare, truncated=False
  [587/1560] trajectory_id=586 hasta=293 doz=0.100 -> 17 kare, truncated=False
  [588/1560] trajectory_id=587 hasta=293 doz=1.000 -> 17 kare, truncated=False
  [589/1560] trajectory_id=588 hasta=294 doz=0.100 -> 17 kare, truncated=False
  [590/1560] trajectory_id=589 hasta=294 doz=1.000 -> 17 kare, truncated=False
  [591/1560] trajectory_id=590 hasta=295 doz=0.100 -> 17 kare, truncated=False
  [592/1560] trajectory_id=591 hasta=295 doz=1.000 -> 17 kare, truncated=False
  [593/1560] trajectory_id=592 hasta=296 doz=0.100 -> 17 kare, truncated=False
  [594/1560] trajectory_id=593 hasta=296 doz=1.000 -> 17 kare, truncated=False
  [595/1560] trajectory_id=594 hasta=297 doz=0.100 -> 17 kare, truncated=False
  [596/1560] trajectory_id=595 hasta=297 doz=1.000 -> 17 kare, truncated=False
  [597/1560] trajectory_id=596 hasta=298 doz=0.100 -> 17 kare, truncated=False
  [598/1560] trajectory_id=598 hasta=299 doz=0.100 -> 17 kare, truncated=False
  [599/1560] trajectory_id=597 hasta=298 doz=1.000 -> 17 kare, truncated=False
  [600/1560] trajectory_id=599 hasta=299 doz=1.000 -> 17 kare, truncated=False
[2026-07-30 23:11:24] 600/1560 trajectory tamamlandý (geçen süre 156.3 dk, tahmini kalan süre 250.1 dk)
  [601/1560] trajectory_id=600 hasta=300 doz=0.100 -> 17 kare, truncated=False
  [602/1560] trajectory_id=601 hasta=300 doz=1.000 -> 17 kare, truncated=False
  [603/1560] trajectory_id=602 hasta=301 doz=0.100 -> 17 kare, truncated=False
  [604/1560] trajectory_id=604 hasta=302 doz=0.100 -> 17 kare, truncated=False
  [605/1560] trajectory_id=603 hasta=301 doz=1.000 -> 17 kare, truncated=False
  [606/1560] trajectory_id=605 hasta=302 doz=1.000 -> 17 kare, truncated=False
  [607/1560] trajectory_id=606 hasta=303 doz=0.100 -> 17 kare, truncated=False
  [608/1560] trajectory_id=608 hasta=304 doz=0.100 -> 17 kare, truncated=False
  [609/1560] trajectory_id=607 hasta=303 doz=1.000 -> 17 kare, truncated=False
  [610/1560] trajectory_id=609 hasta=304 doz=1.000 -> 17 kare, truncated=False
  [611/1560] trajectory_id=610 hasta=305 doz=0.100 -> 17 kare, truncated=False
  [612/1560] trajectory_id=611 hasta=305 doz=1.000 -> 17 kare, truncated=False
  [613/1560] trajectory_id=612 hasta=306 doz=0.100 -> 17 kare, truncated=False
  [614/1560] trajectory_id=614 hasta=307 doz=0.100 -> 17 kare, truncated=False
  [615/1560] trajectory_id=613 hasta=306 doz=1.000 -> 17 kare, truncated=False
  [616/1560] trajectory_id=615 hasta=307 doz=1.000 -> 17 kare, truncated=False
  [617/1560] trajectory_id=616 hasta=308 doz=0.100 -> 17 kare, truncated=False
  [618/1560] trajectory_id=617 hasta=308 doz=1.000 -> 17 kare, truncated=False
  [619/1560] trajectory_id=618 hasta=309 doz=0.100 -> 17 kare, truncated=False
  [620/1560] trajectory_id=619 hasta=309 doz=1.000 -> 17 kare, truncated=False
  [621/1560] trajectory_id=620 hasta=310 doz=0.100 -> 17 kare, truncated=False
  [622/1560] trajectory_id=621 hasta=310 doz=1.000 -> 17 kare, truncated=False
  [623/1560] trajectory_id=622 hasta=311 doz=0.100 -> 17 kare, truncated=False
  [624/1560] trajectory_id=623 hasta=311 doz=1.000 -> 17 kare, truncated=False
  [625/1560] trajectory_id=624 hasta=312 doz=0.100 -> 17 kare, truncated=False
  [626/1560] trajectory_id=625 hasta=312 doz=1.000 -> 17 kare, truncated=False
  [627/1560] trajectory_id=626 hasta=313 doz=0.100 -> 17 kare, truncated=False
  [628/1560] trajectory_id=627 hasta=313 doz=1.000 -> 17 kare, truncated=False
  [629/1560] trajectory_id=628 hasta=314 doz=0.100 -> 17 kare, truncated=False
  [630/1560] trajectory_id=629 hasta=314 doz=1.000 -> 17 kare, truncated=False
  [631/1560] trajectory_id=630 hasta=315 doz=0.100 -> 17 kare, truncated=False
  [632/1560] trajectory_id=631 hasta=315 doz=1.000 -> 17 kare, truncated=False
  [633/1560] trajectory_id=632 hasta=316 doz=0.100 -> 17 kare, truncated=False
  [634/1560] trajectory_id=633 hasta=316 doz=1.000 -> 17 kare, truncated=False
  [635/1560] trajectory_id=634 hasta=317 doz=0.100 -> 17 kare, truncated=False
  [636/1560] trajectory_id=635 hasta=317 doz=1.000 -> 17 kare, truncated=False
  [637/1560] trajectory_id=636 hasta=318 doz=0.100 -> 17 kare, truncated=False
  [638/1560] trajectory_id=637 hasta=318 doz=1.000 -> 17 kare, truncated=False
  [639/1560] trajectory_id=638 hasta=319 doz=0.100 -> 17 kare, truncated=False
  [640/1560] trajectory_id=639 hasta=319 doz=1.000 -> 17 kare, truncated=False
  [641/1560] trajectory_id=640 hasta=320 doz=0.100 -> 17 kare, truncated=False
  [642/1560] trajectory_id=641 hasta=320 doz=1.000 -> 17 kare, truncated=False
  [643/1560] trajectory_id=642 hasta=321 doz=0.100 -> 17 kare, truncated=False
  [644/1560] trajectory_id=643 hasta=321 doz=1.000 -> 17 kare, truncated=False
  [645/1560] trajectory_id=644 hasta=322 doz=0.100 -> 17 kare, truncated=False
  [646/1560] trajectory_id=645 hasta=322 doz=1.000 -> 17 kare, truncated=False
  [647/1560] trajectory_id=646 hasta=323 doz=0.100 -> 17 kare, truncated=False
  [648/1560] trajectory_id=647 hasta=323 doz=1.000 -> 17 kare, truncated=False
  [649/1560] trajectory_id=648 hasta=324 doz=0.100 -> 17 kare, truncated=False
  [650/1560] trajectory_id=649 hasta=324 doz=1.000 -> 17 kare, truncated=False
[2026-07-30 23:23:16] 650/1560 trajectory tamamlandý (geçen süre 168.2 dk, tahmini kalan süre 235.5 dk)
  [651/1560] trajectory_id=650 hasta=325 doz=0.100 -> 17 kare, truncated=False
  [652/1560] trajectory_id=651 hasta=325 doz=1.000 -> 17 kare, truncated=False
  [653/1560] trajectory_id=652 hasta=326 doz=0.100 -> 17 kare, truncated=False
  [654/1560] trajectory_id=653 hasta=326 doz=1.000 -> 17 kare, truncated=False
  [655/1560] trajectory_id=654 hasta=327 doz=0.100 -> 17 kare, truncated=False
  [656/1560] trajectory_id=655 hasta=327 doz=1.000 -> 17 kare, truncated=False
  [657/1560] trajectory_id=656 hasta=328 doz=0.100 -> 17 kare, truncated=False
  [658/1560] trajectory_id=657 hasta=328 doz=1.000 -> 17 kare, truncated=False
  [659/1560] trajectory_id=658 hasta=329 doz=0.100 -> 17 kare, truncated=False
  [660/1560] trajectory_id=659 hasta=329 doz=1.000 -> 17 kare, truncated=False
  [661/1560] trajectory_id=660 hasta=330 doz=0.100 -> 17 kare, truncated=False
  [662/1560] trajectory_id=661 hasta=330 doz=1.000 -> 17 kare, truncated=False
  [663/1560] trajectory_id=662 hasta=331 doz=0.100 -> 17 kare, truncated=False
  [664/1560] trajectory_id=663 hasta=331 doz=1.000 -> 17 kare, truncated=False
  [665/1560] trajectory_id=664 hasta=332 doz=0.100 -> 17 kare, truncated=False
  [666/1560] trajectory_id=665 hasta=332 doz=1.000 -> 17 kare, truncated=False
  [667/1560] trajectory_id=666 hasta=333 doz=0.100 -> 17 kare, truncated=False
  [668/1560] trajectory_id=667 hasta=333 doz=1.000 -> 17 kare, truncated=False
  [669/1560] trajectory_id=668 hasta=334 doz=0.100 -> 17 kare, truncated=False
  [670/1560] trajectory_id=669 hasta=334 doz=1.000 -> 17 kare, truncated=False
  [671/1560] trajectory_id=670 hasta=335 doz=0.100 -> 17 kare, truncated=False
  [672/1560] trajectory_id=671 hasta=335 doz=1.000 -> 17 kare, truncated=False
  [673/1560] trajectory_id=672 hasta=336 doz=0.100 -> 17 kare, truncated=False
  [674/1560] trajectory_id=673 hasta=336 doz=1.000 -> 17 kare, truncated=False
  [675/1560] trajectory_id=674 hasta=337 doz=0.100 -> 17 kare, truncated=False
  [676/1560] trajectory_id=675 hasta=337 doz=1.000 -> 17 kare, truncated=False
  [677/1560] trajectory_id=676 hasta=338 doz=0.100 -> 17 kare, truncated=False
  [678/1560] trajectory_id=677 hasta=338 doz=1.000 -> 17 kare, truncated=False
  [679/1560] trajectory_id=678 hasta=339 doz=0.100 -> 17 kare, truncated=False
  [680/1560] trajectory_id=679 hasta=339 doz=1.000 -> 17 kare, truncated=False
  [681/1560] trajectory_id=680 hasta=340 doz=0.100 -> 17 kare, truncated=False
  [682/1560] trajectory_id=681 hasta=340 doz=1.000 -> 17 kare, truncated=False
  [683/1560] trajectory_id=682 hasta=341 doz=0.100 -> 17 kare, truncated=False
  [684/1560] trajectory_id=683 hasta=341 doz=1.000 -> 17 kare, truncated=False
  [685/1560] trajectory_id=684 hasta=342 doz=0.100 -> 17 kare, truncated=False
  [686/1560] trajectory_id=685 hasta=342 doz=1.000 -> 17 kare, truncated=False
  [687/1560] trajectory_id=686 hasta=343 doz=0.100 -> 17 kare, truncated=False
  [688/1560] trajectory_id=687 hasta=343 doz=1.000 -> 17 kare, truncated=False
  [689/1560] trajectory_id=688 hasta=344 doz=0.100 -> 17 kare, truncated=False
  [690/1560] trajectory_id=689 hasta=344 doz=1.000 -> 17 kare, truncated=False
  [691/1560] trajectory_id=690 hasta=345 doz=0.100 -> 17 kare, truncated=False
  [692/1560] trajectory_id=691 hasta=345 doz=1.000 -> 17 kare, truncated=False
  [693/1560] trajectory_id=692 hasta=346 doz=0.100 -> 17 kare, truncated=False
  [694/1560] trajectory_id=693 hasta=346 doz=1.000 -> 17 kare, truncated=False
  [695/1560] trajectory_id=694 hasta=347 doz=0.100 -> 17 kare, truncated=False
  [696/1560] trajectory_id=695 hasta=347 doz=1.000 -> 17 kare, truncated=False
  [697/1560] trajectory_id=696 hasta=348 doz=0.100 -> 17 kare, truncated=False
  [698/1560] trajectory_id=697 hasta=348 doz=1.000 -> 17 kare, truncated=False
  [699/1560] trajectory_id=699 hasta=349 doz=1.000 -> 17 kare, truncated=False
  [700/1560] trajectory_id=698 hasta=349 doz=0.100 -> 17 kare, truncated=False
[2026-07-30 23:36:09] 700/1560 trajectory tamamlandý (geçen süre 181.1 dk, tahmini kalan süre 222.4 dk)
  [701/1560] trajectory_id=700 hasta=350 doz=0.100 -> 17 kare, truncated=False
  [702/1560] trajectory_id=701 hasta=350 doz=1.000 -> 17 kare, truncated=False
  [703/1560] trajectory_id=702 hasta=351 doz=0.100 -> 17 kare, truncated=False
  [704/1560] trajectory_id=703 hasta=351 doz=1.000 -> 17 kare, truncated=False
  [705/1560] trajectory_id=704 hasta=352 doz=0.100 -> 17 kare, truncated=False
  [706/1560] trajectory_id=705 hasta=352 doz=1.000 -> 17 kare, truncated=False
  [707/1560] trajectory_id=706 hasta=353 doz=0.100 -> 17 kare, truncated=False
  [708/1560] trajectory_id=707 hasta=353 doz=1.000 -> 17 kare, truncated=False
  [709/1560] trajectory_id=709 hasta=354 doz=1.000 -> 17 kare, truncated=False
  [710/1560] trajectory_id=708 hasta=354 doz=0.100 -> 17 kare, truncated=False
  [711/1560] trajectory_id=710 hasta=355 doz=0.100 -> 17 kare, truncated=False
  [712/1560] trajectory_id=711 hasta=355 doz=1.000 -> 17 kare, truncated=False
  [713/1560] trajectory_id=712 hasta=356 doz=0.100 -> 17 kare, truncated=False
  [714/1560] trajectory_id=713 hasta=356 doz=1.000 -> 17 kare, truncated=False
  [715/1560] trajectory_id=714 hasta=357 doz=0.100 -> 17 kare, truncated=False
  [716/1560] trajectory_id=716 hasta=358 doz=0.100 -> 17 kare, truncated=False
  [717/1560] trajectory_id=717 hasta=358 doz=1.000 -> 17 kare, truncated=False
  [718/1560] trajectory_id=715 hasta=357 doz=1.000 -> 17 kare, truncated=False
  [719/1560] trajectory_id=718 hasta=359 doz=0.100 -> 17 kare, truncated=False
  [720/1560] trajectory_id=719 hasta=359 doz=1.000 -> 17 kare, truncated=False
  [721/1560] trajectory_id=720 hasta=360 doz=0.100 -> 17 kare, truncated=False
  [722/1560] trajectory_id=721 hasta=360 doz=1.000 -> 17 kare, truncated=False
  [723/1560] trajectory_id=722 hasta=361 doz=0.100 -> 17 kare, truncated=False
  [724/1560] trajectory_id=723 hasta=361 doz=1.000 -> 17 kare, truncated=False
  [725/1560] trajectory_id=724 hasta=362 doz=0.100 -> 17 kare, truncated=False
  [726/1560] trajectory_id=725 hasta=362 doz=1.000 -> 17 kare, truncated=False
  [727/1560] trajectory_id=726 hasta=363 doz=0.100 -> 17 kare, truncated=False
  [728/1560] trajectory_id=727 hasta=363 doz=1.000 -> 17 kare, truncated=False
  [729/1560] trajectory_id=728 hasta=364 doz=0.100 -> 17 kare, truncated=False
  [730/1560] trajectory_id=729 hasta=364 doz=1.000 -> 17 kare, truncated=False
  [731/1560] trajectory_id=730 hasta=365 doz=0.100 -> 17 kare, truncated=False
  [732/1560] trajectory_id=731 hasta=365 doz=1.000 -> 17 kare, truncated=False
  [733/1560] trajectory_id=732 hasta=366 doz=0.100 -> 17 kare, truncated=False
  [734/1560] trajectory_id=733 hasta=366 doz=1.000 -> 17 kare, truncated=False
  [735/1560] trajectory_id=735 hasta=367 doz=1.000 -> 17 kare, truncated=False
  [736/1560] trajectory_id=734 hasta=367 doz=0.100 -> 17 kare, truncated=False
  [737/1560] trajectory_id=736 hasta=368 doz=0.100 -> 17 kare, truncated=False
  [738/1560] trajectory_id=737 hasta=368 doz=1.000 -> 17 kare, truncated=False
  [739/1560] trajectory_id=738 hasta=369 doz=0.100 -> 17 kare, truncated=False
  [740/1560] trajectory_id=739 hasta=369 doz=1.000 -> 17 kare, truncated=False
  [741/1560] trajectory_id=740 hasta=370 doz=0.100 -> 17 kare, truncated=False
  [742/1560] trajectory_id=741 hasta=370 doz=1.000 -> 17 kare, truncated=False
  [743/1560] trajectory_id=742 hasta=371 doz=0.100 -> 17 kare, truncated=False
  [744/1560] trajectory_id=743 hasta=371 doz=1.000 -> 17 kare, truncated=False
  [745/1560] trajectory_id=744 hasta=372 doz=0.100 -> 17 kare, truncated=False
  [746/1560] trajectory_id=746 hasta=373 doz=0.100 -> 17 kare, truncated=False
  [747/1560] trajectory_id=747 hasta=373 doz=1.000 -> 17 kare, truncated=False
  [748/1560] trajectory_id=745 hasta=372 doz=1.000 -> 17 kare, truncated=False
  [749/1560] trajectory_id=748 hasta=374 doz=0.100 -> 17 kare, truncated=False
  [750/1560] trajectory_id=749 hasta=374 doz=1.000 -> 17 kare, truncated=False
[2026-07-30 23:49:35] 750/1560 trajectory tamamlandý (geçen süre 194.5 dk, tahmini kalan süre 210.1 dk)
  [751/1560] trajectory_id=750 hasta=375 doz=0.100 -> 17 kare, truncated=False
  [752/1560] trajectory_id=752 hasta=376 doz=0.100 -> 17 kare, truncated=False
  [753/1560] trajectory_id=751 hasta=375 doz=1.000 -> 17 kare, truncated=False
  [754/1560] trajectory_id=753 hasta=376 doz=1.000 -> 17 kare, truncated=False
  [755/1560] trajectory_id=754 hasta=377 doz=0.100 -> 17 kare, truncated=False
  [756/1560] trajectory_id=755 hasta=377 doz=1.000 -> 17 kare, truncated=False
  [757/1560] trajectory_id=756 hasta=378 doz=0.100 -> 17 kare, truncated=False
  [758/1560] trajectory_id=757 hasta=378 doz=1.000 -> 17 kare, truncated=False
  [759/1560] trajectory_id=758 hasta=379 doz=0.100 -> 17 kare, truncated=False
  [760/1560] trajectory_id=759 hasta=379 doz=1.000 -> 17 kare, truncated=False
  [761/1560] trajectory_id=760 hasta=380 doz=0.100 -> 17 kare, truncated=False
  [762/1560] trajectory_id=761 hasta=380 doz=1.000 -> 17 kare, truncated=False
  [763/1560] trajectory_id=762 hasta=381 doz=0.100 -> 17 kare, truncated=False
  [764/1560] trajectory_id=764 hasta=382 doz=0.100 -> 17 kare, truncated=False
  [765/1560] trajectory_id=763 hasta=381 doz=1.000 -> 17 kare, truncated=False
  [766/1560] trajectory_id=765 hasta=382 doz=1.000 -> 17 kare, truncated=False
  [767/1560] trajectory_id=766 hasta=383 doz=0.100 -> 17 kare, truncated=False
  [768/1560] trajectory_id=767 hasta=383 doz=1.000 -> 17 kare, truncated=False
  [769/1560] trajectory_id=768 hasta=384 doz=0.100 -> 17 kare, truncated=False
  [770/1560] trajectory_id=769 hasta=384 doz=1.000 -> 17 kare, truncated=False
  [771/1560] trajectory_id=770 hasta=385 doz=0.100 -> 17 kare, truncated=False
  [772/1560] trajectory_id=771 hasta=385 doz=1.000 -> 17 kare, truncated=False
  [773/1560] trajectory_id=772 hasta=386 doz=0.100 -> 17 kare, truncated=False
  [774/1560] trajectory_id=773 hasta=386 doz=1.000 -> 17 kare, truncated=False
  [775/1560] trajectory_id=774 hasta=387 doz=0.100 -> 17 kare, truncated=False
  [776/1560] trajectory_id=776 hasta=388 doz=0.100 -> 17 kare, truncated=False
  [777/1560] trajectory_id=775 hasta=387 doz=1.000 -> 17 kare, truncated=False
  [778/1560] trajectory_id=777 hasta=388 doz=1.000 -> 17 kare, truncated=False
  [779/1560] trajectory_id=778 hasta=389 doz=0.100 -> 17 kare, truncated=False
  [780/1560] trajectory_id=779 hasta=389 doz=1.000 -> 17 kare, truncated=False
  [781/1560] trajectory_id=780 hasta=390 doz=0.100 -> 17 kare, truncated=False
  [782/1560] trajectory_id=782 hasta=391 doz=0.100 -> 17 kare, truncated=False
  [783/1560] trajectory_id=781 hasta=390 doz=1.000 -> 17 kare, truncated=False
  [784/1560] trajectory_id=783 hasta=391 doz=1.000 -> 17 kare, truncated=False
  [785/1560] trajectory_id=784 hasta=392 doz=0.100 -> 17 kare, truncated=False
  [786/1560] trajectory_id=785 hasta=392 doz=1.000 -> 17 kare, truncated=False
  [787/1560] trajectory_id=786 hasta=393 doz=0.100 -> 17 kare, truncated=False
  [788/1560] trajectory_id=787 hasta=393 doz=1.000 -> 17 kare, truncated=False
  [789/1560] trajectory_id=788 hasta=394 doz=0.100 -> 17 kare, truncated=False
  [790/1560] trajectory_id=789 hasta=394 doz=1.000 -> 17 kare, truncated=False
  [791/1560] trajectory_id=790 hasta=395 doz=0.100 -> 17 kare, truncated=False
  [792/1560] trajectory_id=791 hasta=395 doz=1.000 -> 17 kare, truncated=False
  [793/1560] trajectory_id=792 hasta=396 doz=0.100 -> 17 kare, truncated=False
  [794/1560] trajectory_id=793 hasta=396 doz=1.000 -> 17 kare, truncated=False
  [795/1560] trajectory_id=794 hasta=397 doz=0.100 -> 17 kare, truncated=False
  [796/1560] trajectory_id=795 hasta=397 doz=1.000 -> 17 kare, truncated=False
  [797/1560] trajectory_id=796 hasta=398 doz=0.100 -> 17 kare, truncated=False
  [798/1560] trajectory_id=797 hasta=398 doz=1.000 -> 17 kare, truncated=False
  [799/1560] trajectory_id=798 hasta=399 doz=0.100 -> 17 kare, truncated=False
  [800/1560] trajectory_id=800 hasta=400 doz=0.100 -> 17 kare, truncated=False
[2026-07-31 00:02:03] 800/1560 trajectory tamamlandý (geçen süre 207.0 dk, tahmini kalan süre 196.6 dk)
  [801/1560] trajectory_id=799 hasta=399 doz=1.000 -> 17 kare, truncated=False
  [802/1560] trajectory_id=801 hasta=400 doz=1.000 -> 17 kare, truncated=False
  [803/1560] trajectory_id=802 hasta=401 doz=0.100 -> 17 kare, truncated=False
  [804/1560] trajectory_id=803 hasta=401 doz=1.000 -> 17 kare, truncated=False
  [805/1560] trajectory_id=804 hasta=402 doz=0.100 -> 17 kare, truncated=False
  [806/1560] trajectory_id=805 hasta=402 doz=1.000 -> 17 kare, truncated=False
  [807/1560] trajectory_id=806 hasta=403 doz=0.100 -> 17 kare, truncated=False
  [808/1560] trajectory_id=807 hasta=403 doz=1.000 -> 17 kare, truncated=False
  [809/1560] trajectory_id=808 hasta=404 doz=0.100 -> 17 kare, truncated=False
  [810/1560] trajectory_id=809 hasta=404 doz=1.000 -> 17 kare, truncated=False
  [811/1560] trajectory_id=810 hasta=405 doz=0.100 -> 17 kare, truncated=False
  [812/1560] trajectory_id=811 hasta=405 doz=1.000 -> 17 kare, truncated=False
  [813/1560] trajectory_id=813 hasta=406 doz=1.000 -> 17 kare, truncated=False
  [814/1560] trajectory_id=812 hasta=406 doz=0.100 -> 17 kare, truncated=False
  [815/1560] trajectory_id=814 hasta=407 doz=0.100 -> 17 kare, truncated=False
  [816/1560] trajectory_id=815 hasta=407 doz=1.000 -> 17 kare, truncated=False
  [817/1560] trajectory_id=816 hasta=408 doz=0.100 -> 17 kare, truncated=False
  [818/1560] trajectory_id=817 hasta=408 doz=1.000 -> 17 kare, truncated=False
  [819/1560] trajectory_id=818 hasta=409 doz=0.100 -> 17 kare, truncated=False
  [820/1560] trajectory_id=819 hasta=409 doz=1.000 -> 17 kare, truncated=False
  [821/1560] trajectory_id=820 hasta=410 doz=0.100 -> 17 kare, truncated=False
  [822/1560] trajectory_id=821 hasta=410 doz=1.000 -> 17 kare, truncated=False
  [823/1560] trajectory_id=822 hasta=411 doz=0.100 -> 17 kare, truncated=False
  [824/1560] trajectory_id=823 hasta=411 doz=1.000 -> 17 kare, truncated=False
  [825/1560] trajectory_id=824 hasta=412 doz=0.100 -> 17 kare, truncated=False
  [826/1560] trajectory_id=825 hasta=412 doz=1.000 -> 17 kare, truncated=False
  [827/1560] trajectory_id=826 hasta=413 doz=0.100 -> 17 kare, truncated=False
  [828/1560] trajectory_id=827 hasta=413 doz=1.000 -> 17 kare, truncated=False
  [829/1560] trajectory_id=828 hasta=414 doz=0.100 -> 17 kare, truncated=False
  [830/1560] trajectory_id=829 hasta=414 doz=1.000 -> 17 kare, truncated=False
  [831/1560] trajectory_id=830 hasta=415 doz=0.100 -> 17 kare, truncated=False
  [832/1560] trajectory_id=831 hasta=415 doz=1.000 -> 17 kare, truncated=False
  [833/1560] trajectory_id=832 hasta=416 doz=0.100 -> 17 kare, truncated=False
  [834/1560] trajectory_id=833 hasta=416 doz=1.000 -> 17 kare, truncated=False
  [835/1560] trajectory_id=834 hasta=417 doz=0.100 -> 17 kare, truncated=False
  [836/1560] trajectory_id=835 hasta=417 doz=1.000 -> 17 kare, truncated=False
  [837/1560] trajectory_id=836 hasta=418 doz=0.100 -> 17 kare, truncated=False
  [838/1560] trajectory_id=838 hasta=419 doz=0.100 -> 17 kare, truncated=False
  [839/1560] trajectory_id=837 hasta=418 doz=1.000 -> 17 kare, truncated=False
  [840/1560] trajectory_id=839 hasta=419 doz=1.000 -> 17 kare, truncated=False
  [841/1560] trajectory_id=840 hasta=420 doz=0.100 -> 17 kare, truncated=False
  [842/1560] trajectory_id=841 hasta=420 doz=1.000 -> 17 kare, truncated=False
  [843/1560] trajectory_id=842 hasta=421 doz=0.100 -> 17 kare, truncated=False
  [844/1560] trajectory_id=844 hasta=422 doz=0.100 -> 17 kare, truncated=False
  [845/1560] trajectory_id=843 hasta=421 doz=1.000 -> 17 kare, truncated=False
  [846/1560] trajectory_id=845 hasta=422 doz=1.000 -> 17 kare, truncated=False
  [847/1560] trajectory_id=846 hasta=423 doz=0.100 -> 17 kare, truncated=False
  [848/1560] trajectory_id=847 hasta=423 doz=1.000 -> 17 kare, truncated=False
  [849/1560] trajectory_id=848 hasta=424 doz=0.100 -> 17 kare, truncated=False
  [850/1560] trajectory_id=850 hasta=425 doz=0.100 -> 17 kare, truncated=False
[2026-07-31 00:13:43] 850/1560 trajectory tamamlandý (geçen süre 218.6 dk, tahmini kalan süre 182.6 dk)
  [851/1560] trajectory_id=849 hasta=424 doz=1.000 -> 17 kare, truncated=False
  [852/1560] trajectory_id=852 hasta=426 doz=0.100 -> 17 kare, truncated=False
  [853/1560] trajectory_id=851 hasta=425 doz=1.000 -> 17 kare, truncated=False
  [854/1560] trajectory_id=853 hasta=426 doz=1.000 -> 17 kare, truncated=False
  [855/1560] trajectory_id=854 hasta=427 doz=0.100 -> 17 kare, truncated=False
  [856/1560] trajectory_id=855 hasta=427 doz=1.000 -> 17 kare, truncated=False
  [857/1560] trajectory_id=856 hasta=428 doz=0.100 -> 17 kare, truncated=False
  [858/1560] trajectory_id=858 hasta=429 doz=0.100 -> 17 kare, truncated=False
  [859/1560] trajectory_id=857 hasta=428 doz=1.000 -> 17 kare, truncated=False
  [860/1560] trajectory_id=859 hasta=429 doz=1.000 -> 17 kare, truncated=False
  [861/1560] trajectory_id=860 hasta=430 doz=0.100 -> 17 kare, truncated=False
  [862/1560] trajectory_id=861 hasta=430 doz=1.000 -> 17 kare, truncated=False
  [863/1560] trajectory_id=862 hasta=431 doz=0.100 -> 17 kare, truncated=False
  [864/1560] trajectory_id=864 hasta=432 doz=0.100 -> 17 kare, truncated=False
  [865/1560] trajectory_id=863 hasta=431 doz=1.000 -> 17 kare, truncated=False
  [866/1560] trajectory_id=865 hasta=432 doz=1.000 -> 17 kare, truncated=False
  [867/1560] trajectory_id=866 hasta=433 doz=0.100 -> 17 kare, truncated=False
  [868/1560] trajectory_id=867 hasta=433 doz=1.000 -> 17 kare, truncated=False
  [869/1560] trajectory_id=868 hasta=434 doz=0.100 -> 17 kare, truncated=False
  [870/1560] trajectory_id=869 hasta=434 doz=1.000 -> 17 kare, truncated=False
  [871/1560] trajectory_id=870 hasta=435 doz=0.100 -> 17 kare, truncated=False
  [872/1560] trajectory_id=871 hasta=435 doz=1.000 -> 17 kare, truncated=False
  [873/1560] trajectory_id=872 hasta=436 doz=0.100 -> 17 kare, truncated=False
  [874/1560] trajectory_id=873 hasta=436 doz=1.000 -> 17 kare, truncated=False
  [875/1560] trajectory_id=874 hasta=437 doz=0.100 -> 17 kare, truncated=False
  [876/1560] trajectory_id=875 hasta=437 doz=1.000 -> 17 kare, truncated=False
  [877/1560] trajectory_id=878 hasta=439 doz=0.100 -> 17 kare, truncated=False
  [878/1560] trajectory_id=876 hasta=438 doz=0.100 -> 17 kare, truncated=False
  [879/1560] trajectory_id=877 hasta=438 doz=1.000 -> 17 kare, truncated=False
  [880/1560] trajectory_id=879 hasta=439 doz=1.000 -> 17 kare, truncated=False
  [881/1560] trajectory_id=880 hasta=440 doz=0.100 -> 17 kare, truncated=False
  [882/1560] trajectory_id=881 hasta=440 doz=1.000 -> 17 kare, truncated=False
  [883/1560] trajectory_id=883 hasta=441 doz=1.000 -> 17 kare, truncated=False
  [884/1560] trajectory_id=882 hasta=441 doz=0.100 -> 17 kare, truncated=False
  [885/1560] trajectory_id=884 hasta=442 doz=0.100 -> 17 kare, truncated=False
  [886/1560] trajectory_id=885 hasta=442 doz=1.000 -> 17 kare, truncated=False
  [887/1560] trajectory_id=886 hasta=443 doz=0.100 -> 17 kare, truncated=False
  [888/1560] trajectory_id=887 hasta=443 doz=1.000 -> 17 kare, truncated=False
  [889/1560] trajectory_id=889 hasta=444 doz=1.000 -> 17 kare, truncated=False
  [890/1560] trajectory_id=888 hasta=444 doz=0.100 -> 17 kare, truncated=False
  [891/1560] trajectory_id=890 hasta=445 doz=0.100 -> 17 kare, truncated=False
  [892/1560] trajectory_id=891 hasta=445 doz=1.000 -> 17 kare, truncated=False
  [893/1560] trajectory_id=892 hasta=446 doz=0.100 -> 17 kare, truncated=False
  [894/1560] trajectory_id=893 hasta=446 doz=1.000 -> 17 kare, truncated=False
  [895/1560] trajectory_id=894 hasta=447 doz=0.100 -> 17 kare, truncated=False
  [896/1560] trajectory_id=895 hasta=447 doz=1.000 -> 17 kare, truncated=False
  [897/1560] trajectory_id=896 hasta=448 doz=0.100 -> 17 kare, truncated=False
  [898/1560] trajectory_id=897 hasta=448 doz=1.000 -> 17 kare, truncated=False
  [899/1560] trajectory_id=898 hasta=449 doz=0.100 -> 17 kare, truncated=False
  [900/1560] trajectory_id=899 hasta=449 doz=1.000 -> 17 kare, truncated=False
[2026-07-31 00:25:01] 900/1560 trajectory tamamlandý (geçen süre 229.9 dk, tahmini kalan süre 168.6 dk)
  [901/1560] trajectory_id=900 hasta=450 doz=0.100 -> 17 kare, truncated=False
  [902/1560] trajectory_id=901 hasta=450 doz=1.000 -> 17 kare, truncated=False
  [903/1560] trajectory_id=902 hasta=451 doz=0.100 -> 17 kare, truncated=False
  [904/1560] trajectory_id=903 hasta=451 doz=1.000 -> 17 kare, truncated=False
  [905/1560] trajectory_id=905 hasta=452 doz=1.000 -> 17 kare, truncated=False
  [906/1560] trajectory_id=904 hasta=452 doz=0.100 -> 17 kare, truncated=False
  [907/1560] trajectory_id=906 hasta=453 doz=0.100 -> 17 kare, truncated=False
  [908/1560] trajectory_id=907 hasta=453 doz=1.000 -> 17 kare, truncated=False
  [909/1560] trajectory_id=908 hasta=454 doz=0.100 -> 17 kare, truncated=False
  [910/1560] trajectory_id=909 hasta=454 doz=1.000 -> 17 kare, truncated=False
  [911/1560] trajectory_id=910 hasta=455 doz=0.100 -> 17 kare, truncated=False
  [912/1560] trajectory_id=912 hasta=456 doz=0.100 -> 17 kare, truncated=False
  [913/1560] trajectory_id=911 hasta=455 doz=1.000 -> 17 kare, truncated=False
  [914/1560] trajectory_id=913 hasta=456 doz=1.000 -> 17 kare, truncated=False
  [915/1560] trajectory_id=914 hasta=457 doz=0.100 -> 17 kare, truncated=False
  [916/1560] trajectory_id=915 hasta=457 doz=1.000 -> 17 kare, truncated=False
  [917/1560] trajectory_id=917 hasta=458 doz=1.000 -> 17 kare, truncated=False
  [918/1560] trajectory_id=916 hasta=458 doz=0.100 -> 17 kare, truncated=False
  [919/1560] trajectory_id=919 hasta=459 doz=1.000 -> 17 kare, truncated=False
  [920/1560] trajectory_id=920 hasta=460 doz=0.100 -> 17 kare, truncated=False
  [921/1560] trajectory_id=918 hasta=459 doz=0.100 -> 17 kare, truncated=False
  [922/1560] trajectory_id=921 hasta=460 doz=1.000 -> 17 kare, truncated=False
  [923/1560] trajectory_id=922 hasta=461 doz=0.100 -> 17 kare, truncated=False
  [924/1560] trajectory_id=923 hasta=461 doz=1.000 -> 17 kare, truncated=False
  [925/1560] trajectory_id=924 hasta=462 doz=0.100 -> 17 kare, truncated=False
  [926/1560] trajectory_id=925 hasta=462 doz=1.000 -> 17 kare, truncated=False
  [927/1560] trajectory_id=926 hasta=463 doz=0.100 -> 17 kare, truncated=False
  [928/1560] trajectory_id=927 hasta=463 doz=1.000 -> 17 kare, truncated=False
  [929/1560] trajectory_id=928 hasta=464 doz=0.100 -> 17 kare, truncated=False
  [930/1560] trajectory_id=929 hasta=464 doz=1.000 -> 17 kare, truncated=False
  [931/1560] trajectory_id=930 hasta=465 doz=0.100 -> 17 kare, truncated=False
  [932/1560] trajectory_id=932 hasta=466 doz=0.100 -> 17 kare, truncated=False
  [933/1560] trajectory_id=931 hasta=465 doz=1.000 -> 17 kare, truncated=False
  [934/1560] trajectory_id=933 hasta=466 doz=1.000 -> 17 kare, truncated=False
  [935/1560] trajectory_id=934 hasta=467 doz=0.100 -> 17 kare, truncated=False
  [936/1560] trajectory_id=935 hasta=467 doz=1.000 -> 17 kare, truncated=False
  [937/1560] trajectory_id=936 hasta=468 doz=0.100 -> 17 kare, truncated=False
  [938/1560] trajectory_id=937 hasta=468 doz=1.000 -> 17 kare, truncated=False
  [939/1560] trajectory_id=938 hasta=469 doz=0.100 -> 17 kare, truncated=False
  [940/1560] trajectory_id=939 hasta=469 doz=1.000 -> 17 kare, truncated=False
  [941/1560] trajectory_id=940 hasta=470 doz=0.100 -> 17 kare, truncated=False
  [942/1560] trajectory_id=942 hasta=471 doz=0.100 -> 17 kare, truncated=False
  [943/1560] trajectory_id=943 hasta=471 doz=1.000 -> 17 kare, truncated=False
  [944/1560] trajectory_id=944 hasta=472 doz=0.100 -> 17 kare, truncated=False
  [945/1560] trajectory_id=941 hasta=470 doz=1.000 -> 17 kare, truncated=False
  [946/1560] trajectory_id=945 hasta=472 doz=1.000 -> 17 kare, truncated=False
  [947/1560] trajectory_id=946 hasta=473 doz=0.100 -> 17 kare, truncated=False
  [948/1560] trajectory_id=947 hasta=473 doz=1.000 -> 17 kare, truncated=False
  [949/1560] trajectory_id=949 hasta=474 doz=1.000 -> 17 kare, truncated=False
  [950/1560] trajectory_id=948 hasta=474 doz=0.100 -> 17 kare, truncated=False
[2026-07-31 00:36:09] 950/1560 trajectory tamamlandý (geçen süre 241.1 dk, tahmini kalan süre 154.8 dk)
  [951/1560] trajectory_id=950 hasta=475 doz=0.100 -> 17 kare, truncated=False
  [952/1560] trajectory_id=951 hasta=475 doz=1.000 -> 17 kare, truncated=False
  [953/1560] trajectory_id=952 hasta=476 doz=0.100 -> 17 kare, truncated=False
  [954/1560] trajectory_id=953 hasta=476 doz=1.000 -> 17 kare, truncated=False
  [955/1560] trajectory_id=954 hasta=477 doz=0.100 -> 17 kare, truncated=False
  [956/1560] trajectory_id=955 hasta=477 doz=1.000 -> 17 kare, truncated=False
  [957/1560] trajectory_id=956 hasta=478 doz=0.100 -> 17 kare, truncated=False
  [958/1560] trajectory_id=957 hasta=478 doz=1.000 -> 17 kare, truncated=False
  [959/1560] trajectory_id=958 hasta=479 doz=0.100 -> 17 kare, truncated=False
  [960/1560] trajectory_id=960 hasta=480 doz=0.100 -> 17 kare, truncated=False
  [961/1560] trajectory_id=961 hasta=480 doz=1.000 -> 17 kare, truncated=False
  [962/1560] trajectory_id=959 hasta=479 doz=1.000 -> 17 kare, truncated=False
  [963/1560] trajectory_id=962 hasta=481 doz=0.100 -> 17 kare, truncated=False
  [964/1560] trajectory_id=963 hasta=481 doz=1.000 -> 17 kare, truncated=False
  [965/1560] trajectory_id=964 hasta=482 doz=0.100 -> 17 kare, truncated=False
  [966/1560] trajectory_id=965 hasta=482 doz=1.000 -> 17 kare, truncated=False
  [967/1560] trajectory_id=966 hasta=483 doz=0.100 -> 17 kare, truncated=False
  [968/1560] trajectory_id=967 hasta=483 doz=1.000 -> 17 kare, truncated=False
  [969/1560] trajectory_id=968 hasta=484 doz=0.100 -> 17 kare, truncated=False
  [970/1560] trajectory_id=969 hasta=484 doz=1.000 -> 17 kare, truncated=False
  [971/1560] trajectory_id=970 hasta=485 doz=0.100 -> 17 kare, truncated=False
  [972/1560] trajectory_id=971 hasta=485 doz=1.000 -> 17 kare, truncated=False
  [973/1560] trajectory_id=972 hasta=486 doz=0.100 -> 17 kare, truncated=False
  [974/1560] trajectory_id=973 hasta=486 doz=1.000 -> 17 kare, truncated=False
  [975/1560] trajectory_id=974 hasta=487 doz=0.100 -> 17 kare, truncated=False
  [976/1560] trajectory_id=975 hasta=487 doz=1.000 -> 17 kare, truncated=False
  [977/1560] trajectory_id=976 hasta=488 doz=0.100 -> 17 kare, truncated=False
  [978/1560] trajectory_id=977 hasta=488 doz=1.000 -> 17 kare, truncated=False
  [979/1560] trajectory_id=978 hasta=489 doz=0.100 -> 17 kare, truncated=False
  [980/1560] trajectory_id=979 hasta=489 doz=1.000 -> 17 kare, truncated=False
  [981/1560] trajectory_id=980 hasta=490 doz=0.100 -> 17 kare, truncated=False
  [982/1560] trajectory_id=981 hasta=490 doz=1.000 -> 17 kare, truncated=False
  [983/1560] trajectory_id=983 hasta=491 doz=1.000 -> 17 kare, truncated=False
  [984/1560] trajectory_id=984 hasta=492 doz=0.100 -> 17 kare, truncated=False
  [985/1560] trajectory_id=982 hasta=491 doz=0.100 -> 17 kare, truncated=False
  [986/1560] trajectory_id=986 hasta=493 doz=0.100 -> 17 kare, truncated=False
  [987/1560] trajectory_id=985 hasta=492 doz=1.000 -> 17 kare, truncated=False
  [988/1560] trajectory_id=987 hasta=493 doz=1.000 -> 17 kare, truncated=False
  [989/1560] trajectory_id=990 hasta=495 doz=0.100 -> 17 kare, truncated=False
  [990/1560] trajectory_id=989 hasta=494 doz=1.000 -> 17 kare, truncated=False
  [991/1560] trajectory_id=991 hasta=495 doz=1.000 -> 17 kare, truncated=False
  [992/1560] trajectory_id=988 hasta=494 doz=0.100 -> 17 kare, truncated=False
  [993/1560] trajectory_id=992 hasta=496 doz=0.100 -> 17 kare, truncated=False
  [994/1560] trajectory_id=993 hasta=496 doz=1.000 -> 17 kare, truncated=False
  [995/1560] trajectory_id=994 hasta=497 doz=0.100 -> 17 kare, truncated=False
  [996/1560] trajectory_id=996 hasta=498 doz=0.100 -> 17 kare, truncated=False
  [997/1560] trajectory_id=997 hasta=498 doz=1.000 -> 17 kare, truncated=False
  [998/1560] trajectory_id=995 hasta=497 doz=1.000 -> 17 kare, truncated=False
  [999/1560] trajectory_id=998 hasta=499 doz=0.100 -> 17 kare, truncated=False
  [1000/1560] trajectory_id=999 hasta=499 doz=1.000 -> 17 kare, truncated=False
[2026-07-31 00:47:57] 1000/1560 trajectory tamamlandý (geçen süre 252.9 dk, tahmini kalan süre 141.6 dk)
  [1001/1560] trajectory_id=1000 hasta=500 doz=0.100 -> 17 kare, truncated=False
  [1002/1560] trajectory_id=1001 hasta=500 doz=1.000 -> 17 kare, truncated=False
  [1003/1560] trajectory_id=1002 hasta=501 doz=0.100 -> 17 kare, truncated=False
  [1004/1560] trajectory_id=1003 hasta=501 doz=1.000 -> 17 kare, truncated=False
  [1005/1560] trajectory_id=1004 hasta=502 doz=0.100 -> 17 kare, truncated=False
  [1006/1560] trajectory_id=1005 hasta=502 doz=1.000 -> 17 kare, truncated=False
  [1007/1560] trajectory_id=1006 hasta=503 doz=0.100 -> 17 kare, truncated=False
  [1008/1560] trajectory_id=1007 hasta=503 doz=1.000 -> 17 kare, truncated=False
  [1009/1560] trajectory_id=1008 hasta=504 doz=0.100 -> 17 kare, truncated=False
  [1010/1560] trajectory_id=1009 hasta=504 doz=1.000 -> 17 kare, truncated=False
  [1011/1560] trajectory_id=1010 hasta=505 doz=0.100 -> 17 kare, truncated=False
  [1012/1560] trajectory_id=1011 hasta=505 doz=1.000 -> 17 kare, truncated=False
  [1013/1560] trajectory_id=1012 hasta=506 doz=0.100 -> 17 kare, truncated=False
  [1014/1560] trajectory_id=1013 hasta=506 doz=1.000 -> 17 kare, truncated=False
  [1015/1560] trajectory_id=1014 hasta=507 doz=0.100 -> 17 kare, truncated=False
  [1016/1560] trajectory_id=1015 hasta=507 doz=1.000 -> 17 kare, truncated=False
  [1017/1560] trajectory_id=1016 hasta=508 doz=0.100 -> 17 kare, truncated=False
  [1018/1560] trajectory_id=1017 hasta=508 doz=1.000 -> 17 kare, truncated=False
  [1019/1560] trajectory_id=1018 hasta=509 doz=0.100 -> 17 kare, truncated=False
  [1020/1560] trajectory_id=1019 hasta=509 doz=1.000 -> 17 kare, truncated=False
  [1021/1560] trajectory_id=1020 hasta=510 doz=0.100 -> 17 kare, truncated=False
  [1022/1560] trajectory_id=1021 hasta=510 doz=1.000 -> 17 kare, truncated=False
  [1023/1560] trajectory_id=1022 hasta=511 doz=0.100 -> 17 kare, truncated=False
  [1024/1560] trajectory_id=1023 hasta=511 doz=1.000 -> 17 kare, truncated=False
  [1025/1560] trajectory_id=1024 hasta=512 doz=0.100 -> 17 kare, truncated=False
  [1026/1560] trajectory_id=1025 hasta=512 doz=1.000 -> 17 kare, truncated=False
  [1027/1560] trajectory_id=1026 hasta=513 doz=0.100 -> 17 kare, truncated=False
  [1028/1560] trajectory_id=1027 hasta=513 doz=1.000 -> 17 kare, truncated=False
  [1029/1560] trajectory_id=1028 hasta=514 doz=0.100 -> 17 kare, truncated=False
  [1030/1560] trajectory_id=1029 hasta=514 doz=1.000 -> 17 kare, truncated=False
  [1031/1560] trajectory_id=1030 hasta=515 doz=0.100 -> 17 kare, truncated=False
  [1032/1560] trajectory_id=1032 hasta=516 doz=0.100 -> 17 kare, truncated=False
  [1033/1560] trajectory_id=1033 hasta=516 doz=1.000 -> 17 kare, truncated=False
  [1034/1560] trajectory_id=1034 hasta=517 doz=0.100 -> 17 kare, truncated=False
  [1035/1560] trajectory_id=1031 hasta=515 doz=1.000 -> 17 kare, truncated=False
  [1036/1560] trajectory_id=1035 hasta=517 doz=1.000 -> 17 kare, truncated=False
  [1037/1560] trajectory_id=1036 hasta=518 doz=0.100 -> 17 kare, truncated=False
  [1038/1560] trajectory_id=1037 hasta=518 doz=1.000 -> 17 kare, truncated=False
  [1039/1560] trajectory_id=1038 hasta=519 doz=0.100 -> 17 kare, truncated=False
  [1040/1560] trajectory_id=1039 hasta=519 doz=1.000 -> 17 kare, truncated=False
  [1041/1560] trajectory_id=1040 hasta=520 doz=0.100 -> 17 kare, truncated=False
  [1042/1560] trajectory_id=1041 hasta=520 doz=1.000 -> 17 kare, truncated=False
  [1043/1560] trajectory_id=1042 hasta=521 doz=0.100 -> 17 kare, truncated=False
  [1044/1560] trajectory_id=1043 hasta=521 doz=1.000 -> 17 kare, truncated=False
  [1045/1560] trajectory_id=1044 hasta=522 doz=0.100 -> 17 kare, truncated=False
  [1046/1560] trajectory_id=1045 hasta=522 doz=1.000 -> 17 kare, truncated=False
  [1047/1560] trajectory_id=1046 hasta=523 doz=0.100 -> 17 kare, truncated=False
  [1048/1560] trajectory_id=1047 hasta=523 doz=1.000 -> 17 kare, truncated=False
  [1049/1560] trajectory_id=1048 hasta=524 doz=0.100 -> 17 kare, truncated=False
  [1050/1560] trajectory_id=1049 hasta=524 doz=1.000 -> 17 kare, truncated=False
[2026-07-31 00:59:12] 1050/1560 trajectory tamamlandý (geçen süre 264.1 dk, tahmini kalan süre 128.3 dk)
  [1051/1560] trajectory_id=1050 hasta=525 doz=0.100 -> 17 kare, truncated=False
  [1052/1560] trajectory_id=1051 hasta=525 doz=1.000 -> 17 kare, truncated=False
  [1053/1560] trajectory_id=1052 hasta=526 doz=0.100 -> 17 kare, truncated=False
  [1054/1560] trajectory_id=1053 hasta=526 doz=1.000 -> 17 kare, truncated=False
  [1055/1560] trajectory_id=1054 hasta=527 doz=0.100 -> 17 kare, truncated=False
  [1056/1560] trajectory_id=1055 hasta=527 doz=1.000 -> 17 kare, truncated=False
  [1057/1560] trajectory_id=1057 hasta=528 doz=1.000 -> 17 kare, truncated=False
  [1058/1560] trajectory_id=1056 hasta=528 doz=0.100 -> 17 kare, truncated=False
  [1059/1560] trajectory_id=1058 hasta=529 doz=0.100 -> 17 kare, truncated=False
  [1060/1560] trajectory_id=1059 hasta=529 doz=1.000 -> 17 kare, truncated=False
  [1061/1560] trajectory_id=1060 hasta=530 doz=0.100 -> 17 kare, truncated=False
  [1062/1560] trajectory_id=1061 hasta=530 doz=1.000 -> 17 kare, truncated=False
  [1063/1560] trajectory_id=1062 hasta=531 doz=0.100 -> 17 kare, truncated=False
  [1064/1560] trajectory_id=1063 hasta=531 doz=1.000 -> 17 kare, truncated=False
  [1065/1560] trajectory_id=1064 hasta=532 doz=0.100 -> 17 kare, truncated=False
  [1066/1560] trajectory_id=1065 hasta=532 doz=1.000 -> 17 kare, truncated=False
  [1067/1560] trajectory_id=1066 hasta=533 doz=0.100 -> 17 kare, truncated=False
  [1068/1560] trajectory_id=1067 hasta=533 doz=1.000 -> 17 kare, truncated=False
  [1069/1560] trajectory_id=1070 hasta=535 doz=0.100 -> 17 kare, truncated=False
  [1070/1560] trajectory_id=1069 hasta=534 doz=1.000 -> 17 kare, truncated=False
  [1071/1560] trajectory_id=1068 hasta=534 doz=0.100 -> 17 kare, truncated=False
  [1072/1560] trajectory_id=1071 hasta=535 doz=1.000 -> 17 kare, truncated=False
  [1073/1560] trajectory_id=1072 hasta=536 doz=0.100 -> 17 kare, truncated=False
  [1074/1560] trajectory_id=1073 hasta=536 doz=1.000 -> 17 kare, truncated=False
  [1075/1560] trajectory_id=1074 hasta=537 doz=0.100 -> 17 kare, truncated=False
  [1076/1560] trajectory_id=1075 hasta=537 doz=1.000 -> 17 kare, truncated=False
  [1077/1560] trajectory_id=1076 hasta=538 doz=0.100 -> 17 kare, truncated=False
  [1078/1560] trajectory_id=1077 hasta=538 doz=1.000 -> 17 kare, truncated=False
  [1079/1560] trajectory_id=1078 hasta=539 doz=0.100 -> 17 kare, truncated=False
  [1080/1560] trajectory_id=1079 hasta=539 doz=1.000 -> 17 kare, truncated=False
  [1081/1560] trajectory_id=1080 hasta=540 doz=0.100 -> 17 kare, truncated=False
  [1082/1560] trajectory_id=1081 hasta=540 doz=1.000 -> 17 kare, truncated=False
  [1083/1560] trajectory_id=1082 hasta=541 doz=0.100 -> 17 kare, truncated=False
  [1084/1560] trajectory_id=1083 hasta=541 doz=1.000 -> 17 kare, truncated=False
  [1085/1560] trajectory_id=1084 hasta=542 doz=0.100 -> 17 kare, truncated=False
  [1086/1560] trajectory_id=1085 hasta=542 doz=1.000 -> 17 kare, truncated=False
  [1087/1560] trajectory_id=1086 hasta=543 doz=0.100 -> 17 kare, truncated=False
  [1088/1560] trajectory_id=1087 hasta=543 doz=1.000 -> 17 kare, truncated=False
  [1089/1560] trajectory_id=1088 hasta=544 doz=0.100 -> 17 kare, truncated=False
  [1090/1560] trajectory_id=1089 hasta=544 doz=1.000 -> 17 kare, truncated=False
  [1091/1560] trajectory_id=1090 hasta=545 doz=0.100 -> 17 kare, truncated=False
  [1092/1560] trajectory_id=1092 hasta=546 doz=0.100 -> 17 kare, truncated=False
  [1093/1560] trajectory_id=1091 hasta=545 doz=1.000 -> 17 kare, truncated=False
  [1094/1560] trajectory_id=1093 hasta=546 doz=1.000 -> 17 kare, truncated=False
  [1095/1560] trajectory_id=1094 hasta=547 doz=0.100 -> 17 kare, truncated=False
  [1096/1560] trajectory_id=1095 hasta=547 doz=1.000 -> 17 kare, truncated=False
  [1097/1560] trajectory_id=1096 hasta=548 doz=0.100 -> 17 kare, truncated=False
  [1098/1560] trajectory_id=1097 hasta=548 doz=1.000 -> 17 kare, truncated=False
  [1099/1560] trajectory_id=1099 hasta=549 doz=1.000 -> 17 kare, truncated=False
  [1100/1560] trajectory_id=1098 hasta=549 doz=0.100 -> 17 kare, truncated=False
[2026-07-31 01:09:59] 1100/1560 trajectory tamamlandý (geçen süre 274.9 dk, tahmini kalan süre 115.0 dk)
  [1101/1560] trajectory_id=1100 hasta=550 doz=0.100 -> 17 kare, truncated=False
  [1102/1560] trajectory_id=1101 hasta=550 doz=1.000 -> 17 kare, truncated=False
  [1103/1560] trajectory_id=1102 hasta=551 doz=0.100 -> 17 kare, truncated=False
  [1104/1560] trajectory_id=1103 hasta=551 doz=1.000 -> 17 kare, truncated=False
  [1105/1560] trajectory_id=1104 hasta=552 doz=0.100 -> 17 kare, truncated=False
  [1106/1560] trajectory_id=1105 hasta=552 doz=1.000 -> 17 kare, truncated=False
  [1107/1560] trajectory_id=1106 hasta=553 doz=0.100 -> 17 kare, truncated=False
  [1108/1560] trajectory_id=1107 hasta=553 doz=1.000 -> 17 kare, truncated=False
  [1109/1560] trajectory_id=1108 hasta=554 doz=0.100 -> 17 kare, truncated=False
  [1110/1560] trajectory_id=1109 hasta=554 doz=1.000 -> 17 kare, truncated=False
  [1111/1560] trajectory_id=1110 hasta=555 doz=0.100 -> 17 kare, truncated=False
  [1112/1560] trajectory_id=1111 hasta=555 doz=1.000 -> 17 kare, truncated=False
  [1113/1560] trajectory_id=1112 hasta=556 doz=0.100 -> 17 kare, truncated=False
  [1114/1560] trajectory_id=1113 hasta=556 doz=1.000 -> 17 kare, truncated=False
  [1115/1560] trajectory_id=1114 hasta=557 doz=0.100 -> 17 kare, truncated=False
  [1116/1560] trajectory_id=1115 hasta=557 doz=1.000 -> 17 kare, truncated=False
  [1117/1560] trajectory_id=1116 hasta=558 doz=0.100 -> 17 kare, truncated=False
  [1118/1560] trajectory_id=1117 hasta=558 doz=1.000 -> 17 kare, truncated=False
  [1119/1560] trajectory_id=1118 hasta=559 doz=0.100 -> 17 kare, truncated=False
  [1120/1560] trajectory_id=1119 hasta=559 doz=1.000 -> 17 kare, truncated=False
  [1121/1560] trajectory_id=1120 hasta=560 doz=0.100 -> 17 kare, truncated=False
  [1122/1560] trajectory_id=1121 hasta=560 doz=1.000 -> 17 kare, truncated=False
  [1123/1560] trajectory_id=1122 hasta=561 doz=0.100 -> 17 kare, truncated=False
  [1124/1560] trajectory_id=1123 hasta=561 doz=1.000 -> 17 kare, truncated=False
  [1125/1560] trajectory_id=1124 hasta=562 doz=0.100 -> 17 kare, truncated=False
  [1126/1560] trajectory_id=1125 hasta=562 doz=1.000 -> 17 kare, truncated=False
  [1127/1560] trajectory_id=1126 hasta=563 doz=0.100 -> 17 kare, truncated=False
  [1128/1560] trajectory_id=1127 hasta=563 doz=1.000 -> 17 kare, truncated=False
  [1129/1560] trajectory_id=1128 hasta=564 doz=0.100 -> 17 kare, truncated=False
  [1130/1560] trajectory_id=1129 hasta=564 doz=1.000 -> 17 kare, truncated=False
  [1131/1560] trajectory_id=1130 hasta=565 doz=0.100 -> 17 kare, truncated=False
  [1132/1560] trajectory_id=1131 hasta=565 doz=1.000 -> 17 kare, truncated=False
  [1133/1560] trajectory_id=1132 hasta=566 doz=0.100 -> 17 kare, truncated=False
  [1134/1560] trajectory_id=1133 hasta=566 doz=1.000 -> 17 kare, truncated=False
  [1135/1560] trajectory_id=1134 hasta=567 doz=0.100 -> 17 kare, truncated=False
  [1136/1560] trajectory_id=1135 hasta=567 doz=1.000 -> 17 kare, truncated=False
  [1137/1560] trajectory_id=1136 hasta=568 doz=0.100 -> 17 kare, truncated=False
  [1138/1560] trajectory_id=1137 hasta=568 doz=1.000 -> 17 kare, truncated=False
  [1139/1560] trajectory_id=1138 hasta=569 doz=0.100 -> 17 kare, truncated=False
  [1140/1560] trajectory_id=1140 hasta=570 doz=0.100 -> 17 kare, truncated=False
  [1141/1560] trajectory_id=1141 hasta=570 doz=1.000 -> 17 kare, truncated=False
  [1142/1560] trajectory_id=1139 hasta=569 doz=1.000 -> 17 kare, truncated=False
  [1143/1560] trajectory_id=1142 hasta=571 doz=0.100 -> 17 kare, truncated=False
  [1144/1560] trajectory_id=1143 hasta=571 doz=1.000 -> 17 kare, truncated=False
  [1145/1560] trajectory_id=1144 hasta=572 doz=0.100 -> 17 kare, truncated=False
  [1146/1560] trajectory_id=1145 hasta=572 doz=1.000 -> 17 kare, truncated=False
  [1147/1560] trajectory_id=1146 hasta=573 doz=0.100 -> 17 kare, truncated=False
  [1148/1560] trajectory_id=1147 hasta=573 doz=1.000 -> 17 kare, truncated=False
  [1149/1560] trajectory_id=1148 hasta=574 doz=0.100 -> 17 kare, truncated=False
  [1150/1560] trajectory_id=1149 hasta=574 doz=1.000 -> 17 kare, truncated=False
[2026-07-31 01:20:51] 1150/1560 trajectory tamamlandý (geçen süre 285.8 dk, tahmini kalan süre 101.9 dk)
  [1151/1560] trajectory_id=1150 hasta=575 doz=0.100 -> 17 kare, truncated=False
  [1152/1560] trajectory_id=1151 hasta=575 doz=1.000 -> 17 kare, truncated=False
  [1153/1560] trajectory_id=1152 hasta=576 doz=0.100 -> 17 kare, truncated=False
  [1154/1560] trajectory_id=1153 hasta=576 doz=1.000 -> 17 kare, truncated=False
  [1155/1560] trajectory_id=1154 hasta=577 doz=0.100 -> 17 kare, truncated=False
  [1156/1560] trajectory_id=1156 hasta=578 doz=0.100 -> 17 kare, truncated=False
  [1157/1560] trajectory_id=1155 hasta=577 doz=1.000 -> 17 kare, truncated=False
  [1158/1560] trajectory_id=1157 hasta=578 doz=1.000 -> 17 kare, truncated=False
  [1159/1560] trajectory_id=1158 hasta=579 doz=0.100 -> 17 kare, truncated=False
  [1160/1560] trajectory_id=1159 hasta=579 doz=1.000 -> 17 kare, truncated=False
  [1161/1560] trajectory_id=1160 hasta=580 doz=0.100 -> 17 kare, truncated=False
  [1162/1560] trajectory_id=1161 hasta=580 doz=1.000 -> 17 kare, truncated=False
  [1163/1560] trajectory_id=1162 hasta=581 doz=0.100 -> 17 kare, truncated=False
  [1164/1560] trajectory_id=1163 hasta=581 doz=1.000 -> 17 kare, truncated=False
  [1165/1560] trajectory_id=1164 hasta=582 doz=0.100 -> 17 kare, truncated=False
  [1166/1560] trajectory_id=1165 hasta=582 doz=1.000 -> 17 kare, truncated=False
  [1167/1560] trajectory_id=1166 hasta=583 doz=0.100 -> 17 kare, truncated=False
  [1168/1560] trajectory_id=1167 hasta=583 doz=1.000 -> 17 kare, truncated=False
  [1169/1560] trajectory_id=1168 hasta=584 doz=0.100 -> 17 kare, truncated=False
  [1170/1560] trajectory_id=1170 hasta=585 doz=0.100 -> 17 kare, truncated=False
  [1171/1560] trajectory_id=1169 hasta=584 doz=1.000 -> 17 kare, truncated=False
  [1172/1560] trajectory_id=1171 hasta=585 doz=1.000 -> 17 kare, truncated=False
  [1173/1560] trajectory_id=1172 hasta=586 doz=0.100 -> 17 kare, truncated=False
  [1174/1560] trajectory_id=1173 hasta=586 doz=1.000 -> 17 kare, truncated=False
  [1175/1560] trajectory_id=1174 hasta=587 doz=0.100 -> 17 kare, truncated=False
  [1176/1560] trajectory_id=1175 hasta=587 doz=1.000 -> 17 kare, truncated=False
  [1177/1560] trajectory_id=1177 hasta=588 doz=1.000 -> 17 kare, truncated=False
  [1178/1560] trajectory_id=1179 hasta=589 doz=1.000 -> 17 kare, truncated=False
  [1179/1560] trajectory_id=1178 hasta=589 doz=0.100 -> 17 kare, truncated=False
  [1180/1560] trajectory_id=1176 hasta=588 doz=0.100 -> 17 kare, truncated=False
  [1181/1560] trajectory_id=1180 hasta=590 doz=0.100 -> 17 kare, truncated=False
  [1182/1560] trajectory_id=1182 hasta=591 doz=0.100 -> 17 kare, truncated=False
  [1183/1560] trajectory_id=1183 hasta=591 doz=1.000 -> 17 kare, truncated=False
  [1184/1560] trajectory_id=1184 hasta=592 doz=0.100 -> 17 kare, truncated=False
  [1185/1560] trajectory_id=1185 hasta=592 doz=1.000 -> 17 kare, truncated=False
  [1186/1560] trajectory_id=1181 hasta=590 doz=1.000 -> 17 kare, truncated=False
  [1187/1560] trajectory_id=1186 hasta=593 doz=0.100 -> 17 kare, truncated=False
  [1188/1560] trajectory_id=1187 hasta=593 doz=1.000 -> 17 kare, truncated=False
  [1189/1560] trajectory_id=1188 hasta=594 doz=0.100 -> 17 kare, truncated=False
  [1190/1560] trajectory_id=1189 hasta=594 doz=1.000 -> 17 kare, truncated=False
  [1191/1560] trajectory_id=1190 hasta=595 doz=0.100 -> 17 kare, truncated=False
  [1192/1560] trajectory_id=1191 hasta=595 doz=1.000 -> 17 kare, truncated=False
  [1193/1560] trajectory_id=1192 hasta=596 doz=0.100 -> 17 kare, truncated=False
  [1194/1560] trajectory_id=1193 hasta=596 doz=1.000 -> 17 kare, truncated=False
  [1195/1560] trajectory_id=1194 hasta=597 doz=0.100 -> 17 kare, truncated=False
  [1196/1560] trajectory_id=1195 hasta=597 doz=1.000 -> 17 kare, truncated=False
  [1197/1560] trajectory_id=1196 hasta=598 doz=0.100 -> 17 kare, truncated=False
  [1198/1560] trajectory_id=1197 hasta=598 doz=1.000 -> 17 kare, truncated=False
  [1199/1560] trajectory_id=1198 hasta=599 doz=0.100 -> 17 kare, truncated=False
  [1200/1560] trajectory_id=1199 hasta=599 doz=1.000 -> 17 kare, truncated=False
[2026-07-31 01:32:20] 1200/1560 trajectory tamamlandý (geçen süre 297.2 dk, tahmini kalan süre 89.2 dk)
  [1201/1560] trajectory_id=1200 hasta=600 doz=0.100 -> 17 kare, truncated=False
  [1202/1560] trajectory_id=1201 hasta=600 doz=1.000 -> 17 kare, truncated=False
  [1203/1560] trajectory_id=1202 hasta=601 doz=0.100 -> 17 kare, truncated=False
  [1204/1560] trajectory_id=1203 hasta=601 doz=1.000 -> 17 kare, truncated=False
  [1205/1560] trajectory_id=1204 hasta=602 doz=0.100 -> 17 kare, truncated=False
  [1206/1560] trajectory_id=1205 hasta=602 doz=1.000 -> 17 kare, truncated=False
  [1207/1560] trajectory_id=1206 hasta=603 doz=0.100 -> 17 kare, truncated=False
  [1208/1560] trajectory_id=1207 hasta=603 doz=1.000 -> 17 kare, truncated=False
  [1209/1560] trajectory_id=1208 hasta=604 doz=0.100 -> 17 kare, truncated=False
  [1210/1560] trajectory_id=1209 hasta=604 doz=1.000 -> 17 kare, truncated=False
  [1211/1560] trajectory_id=1210 hasta=605 doz=0.100 -> 17 kare, truncated=False
  [1212/1560] trajectory_id=1211 hasta=605 doz=1.000 -> 17 kare, truncated=False
  [1213/1560] trajectory_id=1212 hasta=606 doz=0.100 -> 17 kare, truncated=False
  [1214/1560] trajectory_id=1213 hasta=606 doz=1.000 -> 17 kare, truncated=False
  [1215/1560] trajectory_id=1214 hasta=607 doz=0.100 -> 17 kare, truncated=False
  [1216/1560] trajectory_id=1215 hasta=607 doz=1.000 -> 17 kare, truncated=False
  [1217/1560] trajectory_id=1216 hasta=608 doz=0.100 -> 17 kare, truncated=False
  [1218/1560] trajectory_id=1217 hasta=608 doz=1.000 -> 17 kare, truncated=False
  [1219/1560] trajectory_id=1218 hasta=609 doz=0.100 -> 17 kare, truncated=False
  [1220/1560] trajectory_id=1219 hasta=609 doz=1.000 -> 17 kare, truncated=False
  [1221/1560] trajectory_id=1220 hasta=610 doz=0.100 -> 17 kare, truncated=False
  [1222/1560] trajectory_id=1221 hasta=610 doz=1.000 -> 17 kare, truncated=False
  [1223/1560] trajectory_id=1222 hasta=611 doz=0.100 -> 17 kare, truncated=False
  [1224/1560] trajectory_id=1224 hasta=612 doz=0.100 -> 17 kare, truncated=False
  [1225/1560] trajectory_id=1223 hasta=611 doz=1.000 -> 17 kare, truncated=False
  [1226/1560] trajectory_id=1225 hasta=612 doz=1.000 -> 17 kare, truncated=False
  [1227/1560] trajectory_id=1226 hasta=613 doz=0.100 -> 17 kare, truncated=False
  [1228/1560] trajectory_id=1227 hasta=613 doz=1.000 -> 17 kare, truncated=False
  [1229/1560] trajectory_id=1228 hasta=614 doz=0.100 -> 17 kare, truncated=False
  [1230/1560] trajectory_id=1230 hasta=615 doz=0.100 -> 17 kare, truncated=False
  [1231/1560] trajectory_id=1229 hasta=614 doz=1.000 -> 17 kare, truncated=False
  [1232/1560] trajectory_id=1231 hasta=615 doz=1.000 -> 17 kare, truncated=False
  [1233/1560] trajectory_id=1232 hasta=616 doz=0.100 -> 17 kare, truncated=False
  [1234/1560] trajectory_id=1233 hasta=616 doz=1.000 -> 17 kare, truncated=False
  [1235/1560] trajectory_id=1234 hasta=617 doz=0.100 -> 17 kare, truncated=False
  [1236/1560] trajectory_id=1235 hasta=617 doz=1.000 -> 17 kare, truncated=False
  [1237/1560] trajectory_id=1236 hasta=618 doz=0.100 -> 17 kare, truncated=False
  [1238/1560] trajectory_id=1237 hasta=618 doz=1.000 -> 17 kare, truncated=False
  [1239/1560] trajectory_id=1238 hasta=619 doz=0.100 -> 17 kare, truncated=False
  [1240/1560] trajectory_id=1239 hasta=619 doz=1.000 -> 17 kare, truncated=False
  [1241/1560] trajectory_id=1240 hasta=620 doz=0.100 -> 17 kare, truncated=False
  [1242/1560] trajectory_id=1242 hasta=621 doz=0.100 -> 17 kare, truncated=False
  [1243/1560] trajectory_id=1241 hasta=620 doz=1.000 -> 17 kare, truncated=False
  [1244/1560] trajectory_id=1243 hasta=621 doz=1.000 -> 17 kare, truncated=False
  [1245/1560] trajectory_id=1244 hasta=622 doz=0.100 -> 17 kare, truncated=False
  [1246/1560] trajectory_id=1245 hasta=622 doz=1.000 -> 17 kare, truncated=False
  [1247/1560] trajectory_id=1246 hasta=623 doz=0.100 -> 17 kare, truncated=False
  [1248/1560] trajectory_id=1247 hasta=623 doz=1.000 -> 17 kare, truncated=False
  [1249/1560] trajectory_id=1248 hasta=624 doz=0.100 -> 17 kare, truncated=False
  [1250/1560] trajectory_id=1249 hasta=624 doz=1.000 -> 17 kare, truncated=False
[2026-07-31 01:43:05] 1250/1560 trajectory tamamlandý (geçen süre 308.0 dk, tahmini kalan süre 76.4 dk)
  [1251/1560] trajectory_id=1250 hasta=625 doz=0.100 -> 17 kare, truncated=False
  [1252/1560] trajectory_id=1251 hasta=625 doz=1.000 -> 17 kare, truncated=False
  [1253/1560] trajectory_id=1252 hasta=626 doz=0.100 -> 17 kare, truncated=False
  [1254/1560] trajectory_id=1253 hasta=626 doz=1.000 -> 17 kare, truncated=False
  [1255/1560] trajectory_id=1254 hasta=627 doz=0.100 -> 17 kare, truncated=False
  [1256/1560] trajectory_id=1255 hasta=627 doz=1.000 -> 17 kare, truncated=False
  [1257/1560] trajectory_id=1256 hasta=628 doz=0.100 -> 17 kare, truncated=False
  [1258/1560] trajectory_id=1257 hasta=628 doz=1.000 -> 17 kare, truncated=False
  [1259/1560] trajectory_id=1258 hasta=629 doz=0.100 -> 17 kare, truncated=False
  [1260/1560] trajectory_id=1259 hasta=629 doz=1.000 -> 17 kare, truncated=False
  [1261/1560] trajectory_id=1260 hasta=630 doz=0.100 -> 17 kare, truncated=False
  [1262/1560] trajectory_id=1261 hasta=630 doz=1.000 -> 17 kare, truncated=False
  [1263/1560] trajectory_id=1262 hasta=631 doz=0.100 -> 17 kare, truncated=False
  [1264/1560] trajectory_id=1263 hasta=631 doz=1.000 -> 17 kare, truncated=False
  [1265/1560] trajectory_id=1264 hasta=632 doz=0.100 -> 17 kare, truncated=False
  [1266/1560] trajectory_id=1265 hasta=632 doz=1.000 -> 17 kare, truncated=False
  [1267/1560] trajectory_id=1266 hasta=633 doz=0.100 -> 17 kare, truncated=False
  [1268/1560] trajectory_id=1267 hasta=633 doz=1.000 -> 17 kare, truncated=False
  [1269/1560] trajectory_id=1268 hasta=634 doz=0.100 -> 17 kare, truncated=False
  [1270/1560] trajectory_id=1269 hasta=634 doz=1.000 -> 17 kare, truncated=False
  [1271/1560] trajectory_id=1270 hasta=635 doz=0.100 -> 17 kare, truncated=False
  [1272/1560] trajectory_id=1271 hasta=635 doz=1.000 -> 17 kare, truncated=False
  [1273/1560] trajectory_id=1272 hasta=636 doz=0.100 -> 17 kare, truncated=False
  [1274/1560] trajectory_id=1273 hasta=636 doz=1.000 -> 17 kare, truncated=False
  [1275/1560] trajectory_id=1274 hasta=637 doz=0.100 -> 17 kare, truncated=False
  [1276/1560] trajectory_id=1275 hasta=637 doz=1.000 -> 17 kare, truncated=False
  [1277/1560] trajectory_id=1276 hasta=638 doz=0.100 -> 17 kare, truncated=False
  [1278/1560] trajectory_id=1277 hasta=638 doz=1.000 -> 17 kare, truncated=False
  [1279/1560] trajectory_id=1278 hasta=639 doz=0.100 -> 17 kare, truncated=False
  [1280/1560] trajectory_id=1279 hasta=639 doz=1.000 -> 17 kare, truncated=False
  [1281/1560] trajectory_id=1280 hasta=640 doz=0.100 -> 17 kare, truncated=False
  [1282/1560] trajectory_id=1281 hasta=640 doz=1.000 -> 17 kare, truncated=False
  [1283/1560] trajectory_id=1282 hasta=641 doz=0.100 -> 17 kare, truncated=False
  [1284/1560] trajectory_id=1283 hasta=641 doz=1.000 -> 17 kare, truncated=False
  [1285/1560] trajectory_id=1284 hasta=642 doz=0.100 -> 17 kare, truncated=False
  [1286/1560] trajectory_id=1285 hasta=642 doz=1.000 -> 17 kare, truncated=False
  [1287/1560] trajectory_id=1286 hasta=643 doz=0.100 -> 17 kare, truncated=False
  [1288/1560] trajectory_id=1287 hasta=643 doz=1.000 -> 17 kare, truncated=False
  [1289/1560] trajectory_id=1288 hasta=644 doz=0.100 -> 17 kare, truncated=False
  [1290/1560] trajectory_id=1289 hasta=644 doz=1.000 -> 17 kare, truncated=False
  [1291/1560] trajectory_id=1290 hasta=645 doz=0.100 -> 17 kare, truncated=False
  [1292/1560] trajectory_id=1292 hasta=646 doz=0.100 -> 17 kare, truncated=False
  [1293/1560] trajectory_id=1293 hasta=646 doz=1.000 -> 17 kare, truncated=False
  [1294/1560] trajectory_id=1291 hasta=645 doz=1.000 -> 17 kare, truncated=False
  [1295/1560] trajectory_id=1294 hasta=647 doz=0.100 -> 17 kare, truncated=False
  [1296/1560] trajectory_id=1295 hasta=647 doz=1.000 -> 17 kare, truncated=False
  [1297/1560] trajectory_id=1296 hasta=648 doz=0.100 -> 17 kare, truncated=False
  [1298/1560] trajectory_id=1297 hasta=648 doz=1.000 -> 17 kare, truncated=False
  [1299/1560] trajectory_id=1298 hasta=649 doz=0.100 -> 17 kare, truncated=False
  [1300/1560] trajectory_id=1299 hasta=649 doz=1.000 -> 17 kare, truncated=False
[2026-07-31 01:53:16] 1300/1560 trajectory tamamlandý (geçen süre 318.2 dk, tahmini kalan süre 63.6 dk)
  [1301/1560] trajectory_id=1300 hasta=650 doz=0.100 -> 17 kare, truncated=False
  [1302/1560] trajectory_id=1301 hasta=650 doz=1.000 -> 17 kare, truncated=False
  [1303/1560] trajectory_id=1302 hasta=651 doz=0.100 -> 17 kare, truncated=False
  [1304/1560] trajectory_id=1303 hasta=651 doz=1.000 -> 17 kare, truncated=False
  [1305/1560] trajectory_id=1304 hasta=652 doz=0.100 -> 17 kare, truncated=False
  [1306/1560] trajectory_id=1305 hasta=652 doz=1.000 -> 17 kare, truncated=False
  [1307/1560] trajectory_id=1306 hasta=653 doz=0.100 -> 17 kare, truncated=False
  [1308/1560] trajectory_id=1307 hasta=653 doz=1.000 -> 17 kare, truncated=False
  [1309/1560] trajectory_id=1310 hasta=655 doz=0.100 -> 17 kare, truncated=False
  [1310/1560] trajectory_id=1308 hasta=654 doz=0.100 -> 17 kare, truncated=False
  [1311/1560] trajectory_id=1309 hasta=654 doz=1.000 -> 17 kare, truncated=False
  [1312/1560] trajectory_id=1311 hasta=655 doz=1.000 -> 17 kare, truncated=False
  [1313/1560] trajectory_id=1312 hasta=656 doz=0.100 -> 17 kare, truncated=False
  [1314/1560] trajectory_id=1313 hasta=656 doz=1.000 -> 17 kare, truncated=False
  [1315/1560] trajectory_id=1314 hasta=657 doz=0.100 -> 17 kare, truncated=False
  [1316/1560] trajectory_id=1315 hasta=657 doz=1.000 -> 17 kare, truncated=False
  [1317/1560] trajectory_id=1316 hasta=658 doz=0.100 -> 17 kare, truncated=False
  [1318/1560] trajectory_id=1317 hasta=658 doz=1.000 -> 17 kare, truncated=False
  [1319/1560] trajectory_id=1318 hasta=659 doz=0.100 -> 17 kare, truncated=False
  [1320/1560] trajectory_id=1319 hasta=659 doz=1.000 -> 17 kare, truncated=False
  [1321/1560] trajectory_id=1320 hasta=660 doz=0.100 -> 17 kare, truncated=False
  [1322/1560] trajectory_id=1322 hasta=661 doz=0.100 -> 17 kare, truncated=False
  [1323/1560] trajectory_id=1321 hasta=660 doz=1.000 -> 17 kare, truncated=False
  [1324/1560] trajectory_id=1323 hasta=661 doz=1.000 -> 17 kare, truncated=False
  [1325/1560] trajectory_id=1324 hasta=662 doz=0.100 -> 17 kare, truncated=False
  [1326/1560] trajectory_id=1325 hasta=662 doz=1.000 -> 17 kare, truncated=False
  [1327/1560] trajectory_id=1326 hasta=663 doz=0.100 -> 17 kare, truncated=False
  [1328/1560] trajectory_id=1327 hasta=663 doz=1.000 -> 17 kare, truncated=False
  [1329/1560] trajectory_id=1328 hasta=664 doz=0.100 -> 17 kare, truncated=False
  [1330/1560] trajectory_id=1329 hasta=664 doz=1.000 -> 17 kare, truncated=False
  [1331/1560] trajectory_id=1330 hasta=665 doz=0.100 -> 17 kare, truncated=False
  [1332/1560] trajectory_id=1332 hasta=666 doz=0.100 -> 17 kare, truncated=False
  [1333/1560] trajectory_id=1333 hasta=666 doz=1.000 -> 17 kare, truncated=False
  [1334/1560] trajectory_id=1331 hasta=665 doz=1.000 -> 17 kare, truncated=False
  [1335/1560] trajectory_id=1334 hasta=667 doz=0.100 -> 17 kare, truncated=False
  [1336/1560] trajectory_id=1335 hasta=667 doz=1.000 -> 17 kare, truncated=False
  [1337/1560] trajectory_id=1336 hasta=668 doz=0.100 -> 17 kare, truncated=False
  [1338/1560] trajectory_id=1338 hasta=669 doz=0.100 -> 17 kare, truncated=False
  [1339/1560] trajectory_id=1339 hasta=669 doz=1.000 -> 17 kare, truncated=False
  [1340/1560] trajectory_id=1337 hasta=668 doz=1.000 -> 17 kare, truncated=False
  [1341/1560] trajectory_id=1340 hasta=670 doz=0.100 -> 17 kare, truncated=False
  [1342/1560] trajectory_id=1341 hasta=670 doz=1.000 -> 17 kare, truncated=False
  [1343/1560] trajectory_id=1342 hasta=671 doz=0.100 -> 17 kare, truncated=False
  [1344/1560] trajectory_id=1343 hasta=671 doz=1.000 -> 17 kare, truncated=False
  [1345/1560] trajectory_id=1345 hasta=672 doz=1.000 -> 17 kare, truncated=False
  [1346/1560] trajectory_id=1344 hasta=672 doz=0.100 -> 17 kare, truncated=False
  [1347/1560] trajectory_id=1346 hasta=673 doz=0.100 -> 17 kare, truncated=False
  [1348/1560] trajectory_id=1347 hasta=673 doz=1.000 -> 17 kare, truncated=False
  [1349/1560] trajectory_id=1348 hasta=674 doz=0.100 -> 17 kare, truncated=False
  [1350/1560] trajectory_id=1349 hasta=674 doz=1.000 -> 17 kare, truncated=False
[2026-07-31 02:03:01] 1350/1560 trajectory tamamlandý (geçen süre 327.9 dk, tahmini kalan süre 51.0 dk)
  [1351/1560] trajectory_id=1351 hasta=675 doz=1.000 -> 17 kare, truncated=False
  [1352/1560] trajectory_id=1350 hasta=675 doz=0.100 -> 17 kare, truncated=False
  [1353/1560] trajectory_id=1352 hasta=676 doz=0.100 -> 17 kare, truncated=False
  [1354/1560] trajectory_id=1353 hasta=676 doz=1.000 -> 17 kare, truncated=False
  [1355/1560] trajectory_id=1354 hasta=677 doz=0.100 -> 17 kare, truncated=False
  [1356/1560] trajectory_id=1355 hasta=677 doz=1.000 -> 17 kare, truncated=False
  [1357/1560] trajectory_id=1356 hasta=678 doz=0.100 -> 17 kare, truncated=False
  [1358/1560] trajectory_id=1357 hasta=678 doz=1.000 -> 17 kare, truncated=False
  [1359/1560] trajectory_id=1358 hasta=679 doz=0.100 -> 17 kare, truncated=False
  [1360/1560] trajectory_id=1359 hasta=679 doz=1.000 -> 17 kare, truncated=False
  [1361/1560] trajectory_id=1360 hasta=680 doz=0.100 -> 17 kare, truncated=False
  [1362/1560] trajectory_id=1361 hasta=680 doz=1.000 -> 17 kare, truncated=False
  [1363/1560] trajectory_id=1362 hasta=681 doz=0.100 -> 17 kare, truncated=False
  [1364/1560] trajectory_id=1363 hasta=681 doz=1.000 -> 17 kare, truncated=False
  [1365/1560] trajectory_id=1364 hasta=682 doz=0.100 -> 17 kare, truncated=False
  [1366/1560] trajectory_id=1366 hasta=683 doz=0.100 -> 17 kare, truncated=False
  [1367/1560] trajectory_id=1365 hasta=682 doz=1.000 -> 17 kare, truncated=False
  [1368/1560] trajectory_id=1367 hasta=683 doz=1.000 -> 17 kare, truncated=False
  [1369/1560] trajectory_id=1368 hasta=684 doz=0.100 -> 17 kare, truncated=False
  [1370/1560] trajectory_id=1369 hasta=684 doz=1.000 -> 17 kare, truncated=False
  [1371/1560] trajectory_id=1371 hasta=685 doz=1.000 -> 17 kare, truncated=False
  [1372/1560] trajectory_id=1370 hasta=685 doz=0.100 -> 17 kare, truncated=False
  [1373/1560] trajectory_id=1372 hasta=686 doz=0.100 -> 17 kare, truncated=False
  [1374/1560] trajectory_id=1373 hasta=686 doz=1.000 -> 17 kare, truncated=False
  [1375/1560] trajectory_id=1374 hasta=687 doz=0.100 -> 17 kare, truncated=False
  [1376/1560] trajectory_id=1375 hasta=687 doz=1.000 -> 17 kare, truncated=False
  [1377/1560] trajectory_id=1376 hasta=688 doz=0.100 -> 17 kare, truncated=False
  [1378/1560] trajectory_id=1377 hasta=688 doz=1.000 -> 17 kare, truncated=False
  [1379/1560] trajectory_id=1378 hasta=689 doz=0.100 -> 17 kare, truncated=False
  [1380/1560] trajectory_id=1379 hasta=689 doz=1.000 -> 17 kare, truncated=False
  [1381/1560] trajectory_id=1380 hasta=690 doz=0.100 -> 17 kare, truncated=False
  [1382/1560] trajectory_id=1381 hasta=690 doz=1.000 -> 17 kare, truncated=False
  [1383/1560] trajectory_id=1382 hasta=691 doz=0.100 -> 17 kare, truncated=False
  [1384/1560] trajectory_id=1383 hasta=691 doz=1.000 -> 17 kare, truncated=False
  [1385/1560] trajectory_id=1384 hasta=692 doz=0.100 -> 17 kare, truncated=False
  [1386/1560] trajectory_id=1385 hasta=692 doz=1.000 -> 17 kare, truncated=False
  [1387/1560] trajectory_id=1386 hasta=693 doz=0.100 -> 17 kare, truncated=False
  [1388/1560] trajectory_id=1387 hasta=693 doz=1.000 -> 17 kare, truncated=False
  [1389/1560] trajectory_id=1388 hasta=694 doz=0.100 -> 17 kare, truncated=False
  [1390/1560] trajectory_id=1389 hasta=694 doz=1.000 -> 17 kare, truncated=False
  [1391/1560] trajectory_id=1390 hasta=695 doz=0.100 -> 17 kare, truncated=False
  [1392/1560] trajectory_id=1391 hasta=695 doz=1.000 -> 17 kare, truncated=False
  [1393/1560] trajectory_id=1392 hasta=696 doz=0.100 -> 17 kare, truncated=False
  [1394/1560] trajectory_id=1393 hasta=696 doz=1.000 -> 17 kare, truncated=False
  [1395/1560] trajectory_id=1394 hasta=697 doz=0.100 -> 17 kare, truncated=False
  [1396/1560] trajectory_id=1395 hasta=697 doz=1.000 -> 17 kare, truncated=False
  [1397/1560] trajectory_id=1396 hasta=698 doz=0.100 -> 17 kare, truncated=False
  [1398/1560] trajectory_id=1397 hasta=698 doz=1.000 -> 17 kare, truncated=False
  [1399/1560] trajectory_id=1398 hasta=699 doz=0.100 -> 17 kare, truncated=False
  [1400/1560] trajectory_id=1399 hasta=699 doz=1.000 -> 17 kare, truncated=False
[2026-07-31 02:12:13] 1400/1560 trajectory tamamlandý (geçen süre 337.1 dk, tahmini kalan süre 38.5 dk)
  [1401/1560] trajectory_id=1402 hasta=701 doz=0.100 -> 17 kare, truncated=False
  [1402/1560] trajectory_id=1401 hasta=700 doz=1.000 -> 17 kare, truncated=False
  [1403/1560] trajectory_id=1400 hasta=700 doz=0.100 -> 17 kare, truncated=False
  [1404/1560] trajectory_id=1403 hasta=701 doz=1.000 -> 17 kare, truncated=False
  [1405/1560] trajectory_id=1404 hasta=702 doz=0.100 -> 17 kare, truncated=False
  [1406/1560] trajectory_id=1405 hasta=702 doz=1.000 -> 17 kare, truncated=False
  [1407/1560] trajectory_id=1407 hasta=703 doz=1.000 -> 17 kare, truncated=False
  [1408/1560] trajectory_id=1408 hasta=704 doz=0.100 -> 17 kare, truncated=False
  [1409/1560] trajectory_id=1406 hasta=703 doz=0.100 -> 17 kare, truncated=False
  [1410/1560] trajectory_id=1409 hasta=704 doz=1.000 -> 17 kare, truncated=False
  [1411/1560] trajectory_id=1410 hasta=705 doz=0.100 -> 17 kare, truncated=False
  [1412/1560] trajectory_id=1411 hasta=705 doz=1.000 -> 17 kare, truncated=False
  [1413/1560] trajectory_id=1412 hasta=706 doz=0.100 -> 17 kare, truncated=False
  [1414/1560] trajectory_id=1413 hasta=706 doz=1.000 -> 17 kare, truncated=False
  [1415/1560] trajectory_id=1415 hasta=707 doz=1.000 -> 17 kare, truncated=False
  [1416/1560] trajectory_id=1414 hasta=707 doz=0.100 -> 17 kare, truncated=False
  [1417/1560] trajectory_id=1416 hasta=708 doz=0.100 -> 17 kare, truncated=False
  [1418/1560] trajectory_id=1417 hasta=708 doz=1.000 -> 17 kare, truncated=False
  [1419/1560] trajectory_id=1418 hasta=709 doz=0.100 -> 17 kare, truncated=False
  [1420/1560] trajectory_id=1419 hasta=709 doz=1.000 -> 17 kare, truncated=False
  [1421/1560] trajectory_id=1422 hasta=711 doz=0.100 -> 17 kare, truncated=False
  [1422/1560] trajectory_id=1420 hasta=710 doz=0.100 -> 17 kare, truncated=False
  [1423/1560] trajectory_id=1421 hasta=710 doz=1.000 -> 17 kare, truncated=False
  [1424/1560] trajectory_id=1423 hasta=711 doz=1.000 -> 17 kare, truncated=False
  [1425/1560] trajectory_id=1424 hasta=712 doz=0.100 -> 17 kare, truncated=False
  [1426/1560] trajectory_id=1425 hasta=712 doz=1.000 -> 17 kare, truncated=False
  [1427/1560] trajectory_id=1426 hasta=713 doz=0.100 -> 17 kare, truncated=False
  [1428/1560] trajectory_id=1427 hasta=713 doz=1.000 -> 17 kare, truncated=False
  [1429/1560] trajectory_id=1428 hasta=714 doz=0.100 -> 17 kare, truncated=False
  [1430/1560] trajectory_id=1429 hasta=714 doz=1.000 -> 17 kare, truncated=False
  [1431/1560] trajectory_id=1430 hasta=715 doz=0.100 -> 17 kare, truncated=False
  [1432/1560] trajectory_id=1431 hasta=715 doz=1.000 -> 17 kare, truncated=False
  [1433/1560] trajectory_id=1434 hasta=717 doz=0.100 -> 17 kare, truncated=False
  [1434/1560] trajectory_id=1432 hasta=716 doz=0.100 -> 17 kare, truncated=False
  [1435/1560] trajectory_id=1433 hasta=716 doz=1.000 -> 17 kare, truncated=False
  [1436/1560] trajectory_id=1435 hasta=717 doz=1.000 -> 17 kare, truncated=False
  [1437/1560] trajectory_id=1436 hasta=718 doz=0.100 -> 17 kare, truncated=False
  [1438/1560] trajectory_id=1437 hasta=718 doz=1.000 -> 17 kare, truncated=False
  [1439/1560] trajectory_id=1438 hasta=719 doz=0.100 -> 17 kare, truncated=False
  [1440/1560] trajectory_id=1439 hasta=719 doz=1.000 -> 17 kare, truncated=False
  [1441/1560] trajectory_id=1440 hasta=720 doz=0.100 -> 17 kare, truncated=False
  [1442/1560] trajectory_id=1441 hasta=720 doz=1.000 -> 17 kare, truncated=False
  [1443/1560] trajectory_id=1442 hasta=721 doz=0.100 -> 17 kare, truncated=False
  [1444/1560] trajectory_id=1443 hasta=721 doz=1.000 -> 17 kare, truncated=False
  [1445/1560] trajectory_id=1444 hasta=722 doz=0.100 -> 17 kare, truncated=False
  [1446/1560] trajectory_id=1445 hasta=722 doz=1.000 -> 17 kare, truncated=False
  [1447/1560] trajectory_id=1446 hasta=723 doz=0.100 -> 17 kare, truncated=False
  [1448/1560] trajectory_id=1447 hasta=723 doz=1.000 -> 17 kare, truncated=False
  [1449/1560] trajectory_id=1448 hasta=724 doz=0.100 -> 17 kare, truncated=False
  [1450/1560] trajectory_id=1449 hasta=724 doz=1.000 -> 17 kare, truncated=False
[2026-07-31 02:21:19] 1450/1560 trajectory tamamlandý (geçen süre 346.2 dk, tahmini kalan süre 26.3 dk)
  [1451/1560] trajectory_id=1451 hasta=725 doz=1.000 -> 17 kare, truncated=False
  [1452/1560] trajectory_id=1450 hasta=725 doz=0.100 -> 17 kare, truncated=False
  [1453/1560] trajectory_id=1452 hasta=726 doz=0.100 -> 17 kare, truncated=False
  [1454/1560] trajectory_id=1453 hasta=726 doz=1.000 -> 17 kare, truncated=False
  [1455/1560] trajectory_id=1454 hasta=727 doz=0.100 -> 17 kare, truncated=False
  [1456/1560] trajectory_id=1455 hasta=727 doz=1.000 -> 17 kare, truncated=False
  [1457/1560] trajectory_id=1456 hasta=728 doz=0.100 -> 17 kare, truncated=False
  [1458/1560] trajectory_id=1457 hasta=728 doz=1.000 -> 17 kare, truncated=False
  [1459/1560] trajectory_id=1458 hasta=729 doz=0.100 -> 17 kare, truncated=False
  [1460/1560] trajectory_id=1459 hasta=729 doz=1.000 -> 17 kare, truncated=False
  [1461/1560] trajectory_id=1460 hasta=730 doz=0.100 -> 17 kare, truncated=False
  [1462/1560] trajectory_id=1461 hasta=730 doz=1.000 -> 17 kare, truncated=False
  [1463/1560] trajectory_id=1462 hasta=731 doz=0.100 -> 17 kare, truncated=False
  [1464/1560] trajectory_id=1463 hasta=731 doz=1.000 -> 17 kare, truncated=False
  [1465/1560] trajectory_id=1464 hasta=732 doz=0.100 -> 17 kare, truncated=False
  [1466/1560] trajectory_id=1465 hasta=732 doz=1.000 -> 17 kare, truncated=False
  [1467/1560] trajectory_id=1466 hasta=733 doz=0.100 -> 17 kare, truncated=False
  [1468/1560] trajectory_id=1468 hasta=734 doz=0.100 -> 17 kare, truncated=False
  [1469/1560] trajectory_id=1467 hasta=733 doz=1.000 -> 17 kare, truncated=False
  [1470/1560] trajectory_id=1469 hasta=734 doz=1.000 -> 17 kare, truncated=False
  [1471/1560] trajectory_id=1470 hasta=735 doz=0.100 -> 17 kare, truncated=False
  [1472/1560] trajectory_id=1472 hasta=736 doz=0.100 -> 17 kare, truncated=False
  [1473/1560] trajectory_id=1471 hasta=735 doz=1.000 -> 17 kare, truncated=False
  [1474/1560] trajectory_id=1474 hasta=737 doz=0.100 -> 17 kare, truncated=False
  [1475/1560] trajectory_id=1473 hasta=736 doz=1.000 -> 17 kare, truncated=False
  [1476/1560] trajectory_id=1475 hasta=737 doz=1.000 -> 17 kare, truncated=False
  [1477/1560] trajectory_id=1476 hasta=738 doz=0.100 -> 17 kare, truncated=False
  [1478/1560] trajectory_id=1477 hasta=738 doz=1.000 -> 17 kare, truncated=False
  [1479/1560] trajectory_id=1480 hasta=740 doz=0.100 -> 17 kare, truncated=False
  [1480/1560] trajectory_id=1478 hasta=739 doz=0.100 -> 17 kare, truncated=False
  [1481/1560] trajectory_id=1479 hasta=739 doz=1.000 -> 17 kare, truncated=False
  [1482/1560] trajectory_id=1481 hasta=740 doz=1.000 -> 17 kare, truncated=False
  [1483/1560] trajectory_id=1482 hasta=741 doz=0.100 -> 17 kare, truncated=False
  [1484/1560] trajectory_id=1483 hasta=741 doz=1.000 -> 17 kare, truncated=False
  [1485/1560] trajectory_id=1485 hasta=742 doz=1.000 -> 17 kare, truncated=False
  [1486/1560] trajectory_id=1484 hasta=742 doz=0.100 -> 17 kare, truncated=False
  [1487/1560] trajectory_id=1486 hasta=743 doz=0.100 -> 17 kare, truncated=False
  [1488/1560] trajectory_id=1487 hasta=743 doz=1.000 -> 17 kare, truncated=False
  [1489/1560] trajectory_id=1488 hasta=744 doz=0.100 -> 17 kare, truncated=False
  [1490/1560] trajectory_id=1489 hasta=744 doz=1.000 -> 17 kare, truncated=False
  [1491/1560] trajectory_id=1492 hasta=746 doz=0.100 -> 17 kare, truncated=False
  [1492/1560] trajectory_id=1490 hasta=745 doz=0.100 -> 17 kare, truncated=False
  [1493/1560] trajectory_id=1491 hasta=745 doz=1.000 -> 17 kare, truncated=False
  [1494/1560] trajectory_id=1493 hasta=746 doz=1.000 -> 17 kare, truncated=False
  [1495/1560] trajectory_id=1494 hasta=747 doz=0.100 -> 17 kare, truncated=False
  [1496/1560] trajectory_id=1495 hasta=747 doz=1.000 -> 17 kare, truncated=False
  [1497/1560] trajectory_id=1497 hasta=748 doz=1.000 -> 17 kare, truncated=False
  [1498/1560] trajectory_id=1496 hasta=748 doz=0.100 -> 17 kare, truncated=False
  [1499/1560] trajectory_id=1498 hasta=749 doz=0.100 -> 17 kare, truncated=False
  [1500/1560] trajectory_id=1499 hasta=749 doz=1.000 -> 17 kare, truncated=False
[2026-07-31 02:30:21] 1500/1560 trajectory tamamlandý (geçen süre 355.3 dk, tahmini kalan süre 14.2 dk)
  [1501/1560] trajectory_id=1500 hasta=750 doz=0.100 -> 17 kare, truncated=False
  [1502/1560] trajectory_id=1501 hasta=750 doz=1.000 -> 17 kare, truncated=False
  [1503/1560] trajectory_id=1502 hasta=751 doz=0.100 -> 17 kare, truncated=False
  [1504/1560] trajectory_id=1503 hasta=751 doz=1.000 -> 17 kare, truncated=False
  [1505/1560] trajectory_id=1504 hasta=752 doz=0.100 -> 17 kare, truncated=False
  [1506/1560] trajectory_id=1505 hasta=752 doz=1.000 -> 17 kare, truncated=False
  [1507/1560] trajectory_id=1506 hasta=753 doz=0.100 -> 17 kare, truncated=False
  [1508/1560] trajectory_id=1507 hasta=753 doz=1.000 -> 17 kare, truncated=False
  [1509/1560] trajectory_id=1508 hasta=754 doz=0.100 -> 17 kare, truncated=False
  [1510/1560] trajectory_id=1510 hasta=755 doz=0.100 -> 17 kare, truncated=False
  [1511/1560] trajectory_id=1509 hasta=754 doz=1.000 -> 17 kare, truncated=False
  [1512/1560] trajectory_id=1511 hasta=755 doz=1.000 -> 17 kare, truncated=False
  [1513/1560] trajectory_id=1512 hasta=756 doz=0.100 -> 17 kare, truncated=False
  [1514/1560] trajectory_id=1513 hasta=756 doz=1.000 -> 17 kare, truncated=False
  [1515/1560] trajectory_id=1514 hasta=757 doz=0.100 -> 17 kare, truncated=False
  [1516/1560] trajectory_id=1515 hasta=757 doz=1.000 -> 17 kare, truncated=False
  [1517/1560] trajectory_id=1516 hasta=758 doz=0.100 -> 17 kare, truncated=False
  [1518/1560] trajectory_id=1517 hasta=758 doz=1.000 -> 17 kare, truncated=False
  [1519/1560] trajectory_id=1518 hasta=759 doz=0.100 -> 17 kare, truncated=False
  [1520/1560] trajectory_id=1519 hasta=759 doz=1.000 -> 17 kare, truncated=False
  [1521/1560] trajectory_id=1520 hasta=760 doz=0.100 -> 17 kare, truncated=False
  [1522/1560] trajectory_id=1521 hasta=760 doz=1.000 -> 17 kare, truncated=False
  [1523/1560] trajectory_id=1522 hasta=761 doz=0.100 -> 17 kare, truncated=False
  [1524/1560] trajectory_id=1523 hasta=761 doz=1.000 -> 17 kare, truncated=False
  [1525/1560] trajectory_id=1524 hasta=762 doz=0.100 -> 17 kare, truncated=False
  [1526/1560] trajectory_id=1525 hasta=762 doz=1.000 -> 17 kare, truncated=False
  [1527/1560] trajectory_id=1526 hasta=763 doz=0.100 -> 17 kare, truncated=False
  [1528/1560] trajectory_id=1527 hasta=763 doz=1.000 -> 17 kare, truncated=False
  [1529/1560] trajectory_id=1528 hasta=764 doz=0.100 -> 17 kare, truncated=False
  [1530/1560] trajectory_id=1529 hasta=764 doz=1.000 -> 17 kare, truncated=False
  [1531/1560] trajectory_id=1530 hasta=765 doz=0.100 -> 17 kare, truncated=False
  [1532/1560] trajectory_id=1531 hasta=765 doz=1.000 -> 17 kare, truncated=False
  [1533/1560] trajectory_id=1532 hasta=766 doz=0.100 -> 17 kare, truncated=False
  [1534/1560] trajectory_id=1534 hasta=767 doz=0.100 -> 17 kare, truncated=False
  [1535/1560] trajectory_id=1533 hasta=766 doz=1.000 -> 17 kare, truncated=False
  [1536/1560] trajectory_id=1535 hasta=767 doz=1.000 -> 17 kare, truncated=False
  [1537/1560] trajectory_id=1536 hasta=768 doz=0.100 -> 17 kare, truncated=False
  [1538/1560] trajectory_id=1537 hasta=768 doz=1.000 -> 17 kare, truncated=False
  [1539/1560] trajectory_id=1538 hasta=769 doz=0.100 -> 17 kare, truncated=False
  [1540/1560] trajectory_id=1539 hasta=769 doz=1.000 -> 17 kare, truncated=False
  [1541/1560] trajectory_id=1540 hasta=770 doz=0.100 -> 17 kare, truncated=False
  [1542/1560] trajectory_id=1541 hasta=770 doz=1.000 -> 17 kare, truncated=False
  [1543/1560] trajectory_id=1542 hasta=771 doz=0.100 -> 17 kare, truncated=False
  [1544/1560] trajectory_id=1544 hasta=772 doz=0.100 -> 17 kare, truncated=False
  [1545/1560] trajectory_id=1543 hasta=771 doz=1.000 -> 17 kare, truncated=False
  [1546/1560] trajectory_id=1545 hasta=772 doz=1.000 -> 17 kare, truncated=False
  [1547/1560] trajectory_id=1546 hasta=773 doz=0.100 -> 17 kare, truncated=False
  [1548/1560] trajectory_id=1547 hasta=773 doz=1.000 -> 17 kare, truncated=False
  [1549/1560] trajectory_id=1548 hasta=774 doz=0.100 -> 17 kare, truncated=False
  [1550/1560] trajectory_id=1549 hasta=774 doz=1.000 -> 17 kare, truncated=False
[2026-07-31 02:39:48] 1550/1560 trajectory tamamlandý (geçen süre 364.7 dk, tahmini kalan süre 2.4 dk)
  [1551/1560] trajectory_id=1550 hasta=775 doz=0.100 -> 17 kare, truncated=False
  [1552/1560] trajectory_id=1551 hasta=775 doz=1.000 -> 17 kare, truncated=False
  [1553/1560] trajectory_id=1552 hasta=776 doz=0.100 -> 17 kare, truncated=False
  [1554/1560] trajectory_id=1553 hasta=776 doz=1.000 -> 17 kare, truncated=False
  [1555/1560] trajectory_id=1554 hasta=777 doz=0.100 -> 17 kare, truncated=False
  [1556/1560] trajectory_id=1555 hasta=777 doz=1.000 -> 17 kare, truncated=False
  [1557/1560] trajectory_id=1556 hasta=778 doz=0.100 -> 17 kare, truncated=False
  [1558/1560] trajectory_id=1557 hasta=778 doz=1.000 -> 17 kare, truncated=False
  [1559/1560] trajectory_id=1558 hasta=779 doz=0.100 -> 17 kare, truncated=False
  [1560/1560] trajectory_id=1559 hasta=779 doz=1.000 -> 17 kare, truncated=False

Tamamlandi (366.2 dakika).
  Toplam trajectory: 1560
  Kesilen (truncated) trajectory: 0
  Toplam kare (satir): 26520
  Kaydedildi: data/transient_dataset_large_1560
[2026-07-31 02:41:21] Uretim scripti bitti, exit_code=0
Toplam satir (kare): 26520
Toplam trajectory: 1560
Kesilen (truncated) trajectory: 0
Toplam hasta: 780
13 test hastasi (9,19,...,129) hala 'test' mi: True
13 val hastasi (8,18,...,128) hala 'val' mi: True
i>=130 tum yeni hastalar 'train' mi: True
SPLIT KORUMA DOGRULAMASI: GECTI
SPLIT KORUMA DOGRULAMASI: GECTI
============================= test session starts =============================
platform win32 -- Python 3.14.6, pytest-9.1.1, pluggy-1.6.0 -- C:\Users\oktay\Downloads\vivax_world_model_demo\vivax_world_model_demo\.venv\Scripts\python.exe
cachedir: .pytest_cache
rootdir: C:\Users\oktay\Downloads\vivax_world_model_demo\vivax_world_model_demo
plugins: anyio-4.14.2
collecting ... collected 5 items

tests/test_generate_transient_dataset.py::test_existing_test_patients_unchanged PASSED [ 20%]
tests/test_generate_transient_dataset.py::test_existing_val_patients_unchanged PASSED [ 40%]
tests/test_generate_transient_dataset.py::test_existing_train_patients_unchanged PASSED [ 60%]
tests/test_generate_transient_dataset.py::test_new_patients_always_train PASSED [ 80%]
tests/test_generate_transient_dataset.py::test_boundary_patient_index_is_130 PASSED [100%]

============================== 5 passed in 1.60s ==============================
[2026-07-31 02:41:24] Dogrulama exit=0, pytest exit=0
[2026-07-31 02:41:24] BASARILI: data/transient_dataset_large_1560 -> data/transient_dataset_large olarak tasindi (eski 260'lik yedegi ayri korunuyor: data/transient_dataset_large_backup_260/)
[2026-07-31 02:41:24] TUM ISLEM TAMAMLANDI
